Date,Close
2006-01-03 16:00:00,-0.7717279081218482
2006-01-04 16:00:00,-0.7212362370474721
2006-01-05 16:00:00,-0.6909009216914098
2006-01-06 16:00:00,-0.6182372593268882
2006-01-09 16:00:00,-0.611988789054211
2006-01-10 16:00:00,-0.5975769947156164
2006-01-11 16:00:00,-0.588103507528009
2006-01-12 16:00:00,-0.6284162189646366
2006-01-13 16:00:00,-0.6152138059691411
2006-01-17 16:00:00,-0.6108801894897038
2006-01-18 16:00:00,-0.7228487455049372
2006-01-19 16:00:00,-0.7655802196277627
2006-01-20 16:00:00,-0.9521272918007574
2006-01-23 16:00:00,-0.8107304564367855
2006-01-24 16:00:00,-0.7323222326925447
2006-01-25 16:00:00,-0.7829146855455126
2006-01-26 16:00:00,-0.7765654334942438
2006-01-27 16:00:00,-0.7804959228593148
2006-01-30 16:00:00,-0.814157036908899
2006-01-31 16:00:00,-0.7846279757815691
2006-02-01 16:00:00,-0.9404366054841353
2006-02-02 16:00:00,-0.9693609759399158
2006-02-03 16:00:00,-1.0424277654188034
2006-02-06 16:00:00,-1.0245893906080956
2006-02-07 16:00:00,-1.1112617201968455
2006-02-08 16:00:00,-1.1054163770385343
2006-02-09 16:00:00,-1.157419774791784
2006-02-10 16:00:00,-1.137968891523611
2006-02-13 16:00:00,-1.2233310579906704
2006-02-14 16:00:00,-1.235324089643067
2006-02-15 16:00:00,-1.2400608332368708
2006-02-16 16:00:00,-1.1186187900340299
2006-02-17 16:00:00,-1.1070288854959995
2006-02-21 16:00:00,-1.1179133175838891
2006-02-22 16:00:00,-1.1234563154064252
2006-02-23 16:00:00,-1.0600645766723282
2006-02-24 16:00:00,-1.06339037536585
2006-02-27 16:00:00,-0.9979830010599215
2006-02-28 16:00:00,-1.137968891523611
2006-03-01 16:00:00,-1.12698367765713
2006-03-02 16:00:00,-1.0682279007382454
2006-03-03 16:00:00,-1.0594598860007787
2006-03-06 16:00:00,-1.1103546841895213
2006-03-07 16:00:00,-1.1286969678931869
2006-03-08 16:00:00,-1.182010528768127
2006-03-09 16:00:00,-1.2369365981005325
2006-03-10 16:00:00,-1.264651587213214
2006-03-13 16:00:00,-1.2668687863422285
2006-03-14 16:00:00,-1.1957168506565805
2006-03-15 16:00:00,-1.2293779647061647
2006-03-16 16:00:00,-1.258302335161945
2006-03-17 16:00:00,-1.2531624644537749
2006-03-20 16:00:00,-1.2107333356667243
2006-03-21 16:00:00,-1.252456992003634
2006-03-22 16:00:00,-1.2509452653247604
2006-03-23 16:00:00,-1.2424795959230686
2006-03-24 16:00:00,-1.1219445887275517
2006-03-27 16:00:00,-1.1022921419021956
2006-03-28 16:00:00,-1.0643981931517656
2006-03-29 16:00:00,-0.9747024102052689
2006-03-30 16:00:00,-1.0077588335833036
2006-03-31 16:00:00,-0.9998978548531613
2006-04-03 16:00:00,-1.001409581532035
2006-04-04 16:00:00,-0.9275365378244145
2006-04-05 16:00:00,-0.9090934723421574
2006-04-06 16:00:00,-0.8929683877675061
2006-04-07 16:00:00,-0.9183653959725817
2006-04-10 16:00:00,-0.8667651253336982
2006-04-11 16:00:00,-0.900728584719057
2006-04-12 16:00:00,-0.904255946969762
2006-04-13 16:00:00,-0.9385217516908956
2006-04-17 16:00:00,-0.9150395972790598
2006-04-18 16:00:00,-0.9280404467173724
2006-04-19 16:00:00,-0.8963949682396195
2006-04-20 16:00:00,-0.8737190680565164
2006-04-21 16:00:00,-0.7622544209342408
2006-04-24 16:00:00,-0.745121518573674
2006-04-25 16:00:00,-0.8124437466728425
2006-04-26 16:00:00,-0.8183898716097451
2006-04-27 16:00:00,-0.8483220598514412
2006-04-28 16:00:00,-0.8589041466035557
2006-05-01 16:00:00,-0.9549491816013213
2006-05-02 16:00:00,-0.9756094462125932
2006-05-03 16:00:00,-0.9788344631275233
2006-05-04 16:00:00,-0.9759117915483678
2006-05-05 16:00:00,-0.9781289906773823
2006-05-08 16:00:00,-0.9757102279911846
2006-05-09 16:00:00,-0.9050622011984946
2006-05-10 16:00:00,-0.9343896987686412
2006-05-11 16:00:00,-1.0150151216418968
2006-05-12 16:00:00,-1.0799185870548673
2006-05-15 16:00:00,-1.0694372820813443
2006-05-16 16:00:00,-1.0941288178362785
2006-05-17 16:00:00,-1.0780037332616275
2006-05-18 16:00:00,-1.0957413262937437
2006-05-19 16:00:00,-1.1005788516661392
2006-05-22 16:00:00,-1.095942889850927
2006-05-23 16:00:00,-1.0725615172176828
2006-05-24 16:00:00,-1.0439394920976772
2006-05-25 16:00:00,-1.0351714773602105
2006-05-26 16:00:00,-1.043435583204719
2006-05-30 16:00:00,-1.0909038009213483
2006-05-31 16:00:00,-1.0915084915928979
2006-06-01 16:00:00,-1.0370863311534504
2006-06-02 16:00:00,-1.05311063394951
2006-06-05 16:00:00,-1.0783060785974021
2006-06-06 16:00:00,-0.9998978548531613
2006-06-07 16:00:00,-1.0174338843280943
2006-06-08 16:00:00,-0.9831680796069608
2006-06-09 16:00:00,-1.0171315389923197
2006-06-12 16:00:00,-1.042528547197395
2006-06-13 16:00:00,-1.0173331025495027
2006-06-14 16:00:00,-1.0281167528588009
2006-06-15 16:00:00,-0.9947579841449914
2006-06-16 16:00:00,-0.9962697108238646
2006-06-19 16:00:00,-1.0092705602621772
2006-06-20 16:00:00,-1.0141080856345726
2006-06-21 16:00:00,-0.938622533469487
2006-06-22 16:00:00,-0.9497085291145598
2006-06-23 16:00:00,-0.9249162115810338
2006-06-26 16:00:00,-0.9281412284959639
2006-06-27 16:00:00,-0.9377154974621629
2006-06-28 16:00:00,-0.918566959529765
2006-06-29 16:00:00,-0.8596096190536967
2006-06-30 16:00:00,-0.8519502038807375
2006-07-03 16:00:00,-0.8323985388339731
2006-07-05 16:00:00,-0.8411665535714397
2006-07-06 16:00:00,-0.8323985388339731
2006-07-07 16:00:00,-0.846205642501018
2006-07-10 16:00:00,-0.8575939834818653
2006-07-11 16:00:00,-0.8255453778897462
2006-07-12 16:00:00,-0.8624315088542606
2006-07-13 16:00:00,-0.9048606376413114
2006-07-14 16:00:00,-0.9317693725252605
2006-07-17 16:00:00,-0.9095973812351151
2006-07-18 16:00:00,-0.933986571654275
2006-07-19 16:00:00,-0.9544452727083637
2006-07-20 16:00:00,-1.0144104309703472
2006-07-21 16:00:00,-0.9992931641816118
2006-07-24 16:00:00,-0.995261893037949
2006-07-25 16:00:00,-1.0031228717680913
2006-07-26 16:00:00,-1.0225737550362644
2006-07-27 16:00:00,-1.0381949307179577
2006-07-28 16:00:00,-1.0093713420407688
2006-07-31 16:00:00,-1.017030757213728
2006-08-01 16:00:00,-1.072964644332049
2006-08-02 16:00:00,-1.1146883006689585
2006-08-03 16:00:00,-1.0735693350035984
2006-08-04 16:00:00,-1.0813295319551492
2006-08-07 16:00:00,-1.0606692673438776
2006-08-08 16:00:00,-1.0452496552193675
2006-08-09 16:00:00,-1.0657083562734562
2006-08-10 16:00:00,-1.079515459940501
2006-08-11 16:00:00,-1.1083390486176898
2006-08-14 16:00:00,-1.1036023050238861
2006-08-15 16:00:00,-1.045350436997959
2006-08-16 16:00:00,-1.0113869776126
2006-08-17 16:00:00,-1.0210620283573908
2006-08-18 16:00:00,-1.0333574053455623
2006-08-21 16:00:00,-1.0638942842588077
2006-08-22 16:00:00,-1.0589559771078207
2006-08-23 16:00:00,-1.0834459493055721
2006-08-24 16:00:00,-1.0819342226266986
2006-08-25 16:00:00,-1.084252203534305
2006-08-28 16:00:00,-1.0454512187765508
2006-08-29 16:00:00,-1.0556301784142992
2006-08-30 16:00:00,-1.0464590365624664
2006-08-31 16:00:00,-1.057746595764722
2006-09-01 16:00:00,-1.0573434686503558
2006-09-05 16:00:00,-1.0283183164159837
2006-09-06 16:00:00,-1.049583271698805
2006-09-07 16:00:00,-1.0579481593219051
2006-09-08 16:00:00,-1.0611731762368353
2006-09-11 16:00:00,-1.0296284795376742
2006-09-12 16:00:00,-0.9902228041083706
2006-09-13 16:00:00,-0.9162489786221587
2006-09-14 16:00:00,-0.9293506098390628
2006-09-15 16:00:00,-0.89961998515455
2006-09-18 16:00:00,-0.8753315765139815
2006-09-19 16:00:00,-0.9301568640677952
2006-09-20 16:00:00,-0.9645234505675205
2006-09-21 16:00:00,-0.9148380337218768
2006-09-22 16:00:00,-0.9303584276249784
2006-09-25 16:00:00,-0.9293506098390628
2006-09-26 16:00:00,-0.9147372519432854
2006-09-27 16:00:00,-0.934692044104416
2006-09-28 16:00:00,-0.9313662454108941
2006-09-29 16:00:00,-0.9398319148125859
2006-10-02 16:00:00,-0.9421498957201921
2006-10-03 16:00:00,-0.929048264503288
2006-10-04 16:00:00,-0.8701917058058115
2006-10-05 16:00:00,-0.8898441526311675
2006-10-06 16:00:00,-0.8460040789438349
2006-10-09 16:00:00,-0.8031718230424179
2006-10-10 16:00:00,-0.8149632911376317
2006-10-11 16:00:00,-0.815769545366364
2006-10-12 16:00:00,-0.8110328017725603
2006-10-13 16:00:00,-0.8117382742227013
2006-10-16 16:00:00,-0.839654826892566
2006-10-17 16:00:00,-0.8452986064936939
2006-10-18 16:00:00,-0.8520509856593289
2006-10-19 16:00:00,-0.8179867444953786
2006-10-20 16:00:00,-0.6484717929043591
2006-10-23 16:00:00,-0.5419454529330704
2006-10-24 16:00:00,-0.5796378381263174
2006-10-25 16:00:00,-0.5126179553629238
2006-10-26 16:00:00,-0.5201765887572914
2006-10-27 16:00:00,-0.5700635691601181
2006-10-30 16:00:00,-0.5632104082158913
2006-10-31 16:00:00,-0.5641174442232155
2006-11-01 16:00:00,-0.608965335696464
2006-11-02 16:00:00,-0.596770740486884
2006-11-03 16:00:00,-0.5872972532992765
2006-11-06 16:00:00,-0.5612955544226516
2006-11-07 16:00:00,-0.5833667639342052
2006-11-08 16:00:00,-0.5710713869460338
2006-11-09 16:00:00,-0.5830644185984305
2006-11-10 16:00:00,-0.5784284567832185
2006-11-13 16:00:00,-0.54063528981138
2006-11-14 16:00:00,-0.49901241525306195
2006-11-15 16:00:00,-0.4857092204789746
2006-11-16 16:00:00,-0.46565364653925245
2006-11-17 16:00:00,-0.4511410704220665
2006-11-20 16:00:00,-0.4699872630186897
2006-11-21 16:00:00,-0.39631578286825253
2006-11-22 16:00:00,-0.40457988871276146
2006-11-24 16:00:00,-0.41929402838713037
2006-11-27 16:00:00,-0.5218898789933479
2006-11-28 16:00:00,-0.498004597467146
2006-11-29 16:00:00,-0.522393787886306
2006-11-30 16:00:00,-0.5215875336575733
2006-12-01 16:00:00,-0.5418446711544789
2006-12-04 16:00:00,-0.5213859701003903
2006-12-05 16:00:00,-0.5106023197910922
2006-12-06 16:00:00,-0.5019350868322173
2006-12-07 16:00:00,-0.5325727475240544
2006-12-08 16:00:00,-0.5251148959082781
2006-12-11 16:00:00,-0.5260219319156023
2006-12-12 16:00:00,-0.5369063640034919
2006-12-13 16:00:00,-0.5510158130063116
2006-12-14 16:00:00,-0.5351930737674351
2006-12-15 16:00:00,-0.5443642156192681
2006-12-18 16:00:00,-0.6326490536654827
2006-12-19 16:00:00,-0.6032207743167444
2006-12-20 16:00:00,-0.6321451447725248
2006-12-21 16:00:00,-0.6659070406007005
2006-12-22 16:00:00,-0.6690312757370391
2006-12-26 16:00:00,-0.6592554432136569
2006-12-27 16:00:00,-0.6062442276744915
2006-12-28 16:00:00,-0.6338584350085816
2006-12-29 16:00:00,-0.6443397399821047
2007-01-03 16:00:00,-0.608461426803506
2007-01-04 16:00:00,-0.5294485123877157
2007-01-05 16:00:00,-0.5095945020051765
2007-01-08 16:00:00,-0.5278360039302507
2007-01-09 16:00:00,-0.5181609531854598
2007-01-10 16:00:00,-0.49820616102432924
2007-01-11 16:00:00,-0.4464043268282625
2007-01-12 16:00:00,-0.4197979372800883
2007-01-16 16:00:00,-0.42342608130938497
2007-01-17 16:00:00,-0.4586997038164342
2007-01-18 16:00:00,-0.5063694850902464
2007-01-19 16:00:00,-0.4966944343454556
2007-01-22 16:00:00,-0.5416431075972956
2007-01-23 16:00:00,-0.550713467670537
2007-01-24 16:00:00,-0.4497301255217844
2007-01-25 16:00:00,-0.5050593219685561
2007-01-26 16:00:00,-0.4659559918750272
2007-01-29 16:00:00,-0.48298811245700235
2007-01-30 16:00:00,-0.4736154070479864
2007-01-31 16:00:00,-0.4374347485336129
2007-02-01 16:00:00,-0.5370071457820834
2007-02-02 16:00:00,-0.5383173089037737
2007-02-05 16:00:00,-0.6106786259325205
2007-02-06 16:00:00,-0.5888089799781502
2007-02-07 16:00:00,-0.5962668315939261
2007-02-08 16:00:00,-0.5911269608857561
2007-02-09 16:00:00,-0.6371842337021032
2007-02-12 16:00:00,-0.6554257356271773
2007-02-13 16:00:00,-0.651293682704923
2007-02-14 16:00:00,-0.6168263144266064
2007-02-15 16:00:00,-0.6393006510525263
2007-02-16 16:00:00,-0.5966699587082925
2007-02-20 16:00:00,-0.5856847448418114
2007-02-21 16:00:00,-0.5667377704665965
2007-02-22 16:00:00,-0.566838552245188
2007-02-23 16:00:00,-0.5931425964575874
2007-02-26 16:00:00,-0.6218654033561849
2007-02-27 16:00:00,-0.7033978622367643
2007-02-28 16:00:00,-0.6999712817646511
2007-03-01 16:00:00,-0.7061189702587367
2007-03-02 16:00:00,-0.7542926604255068
2007-03-05 16:00:00,-0.7429043194446595
2007-03-06 16:00:00,-0.6591546614350654
2007-03-07 16:00:00,-0.6687289304012644
2007-03-08 16:00:00,-0.6733648922164767
2007-03-09 16:00:00,-0.6822336887325348
2007-03-12 16:00:00,-0.6732641104378851
2007-03-13 16:00:00,-0.7323222326925447
2007-03-14 16:00:00,-0.7073283516018356
2007-03-15 16:00:00,-0.7163987116750768
2007-03-16 16:00:00,-0.7433074465590257
2007-03-19 16:00:00,-0.7111580591883152
2007-03-20 16:00:00,-0.7210346734902888
2007-03-21 16:00:00,-0.6641937503646439
2007-03-22 16:00:00,-0.6364787612519623
2007-03-23 16:00:00,-0.637486579037878
2007-03-26 16:00:00,-0.6215630580204102
2007-03-27 16:00:00,-0.6285170007432285
2007-03-28 16:00:00,-0.637285015480695
2007-03-29 16:00:00,-0.6421225408530903
2007-03-30 16:00:00,-0.6560304262987268
2007-04-02 16:00:00,-0.6542163542840784
2007-04-03 16:00:00,-0.5831652003770222
2007-04-04 16:00:00,-0.5911269608857561
2007-04-05 16:00:00,-0.5887081981995584
2007-04-09 16:00:00,-0.6053371916671674
2007-04-10 16:00:00,-0.6140044246260424
2007-04-11 16:00:00,-0.6238810389280162
2007-04-12 16:00:00,-0.6094692445894216
2007-04-13 16:00:00,-0.6150122424119581
2007-04-16 16:00:00,-0.5748003127539218
2007-04-17 16:00:00,-0.5821573825911066
2007-04-18 16:00:00,-0.5660322980164553
2007-04-19 16:00:00,-0.5880027257494175
2007-04-20 16:00:00,-0.5333790017527871
2007-04-23 16:00:00,-0.5505119041133537
2007-04-24 16:00:00,-0.5583728828434961
2007-04-25 16:00:00,-0.5560549019358901
2007-04-26 16:00:00,-0.5399298173612388
2007-04-27 16:00:00,-0.5509150312277199
2007-04-30 16:00:00,-0.5893128888711078
2007-05-01 16:00:00,-0.6014067023020964
2007-05-02 16:00:00,-0.6176325686553388
2007-05-03 16:00:00,-0.5800409652406836
2007-05-04 16:00:00,-0.5906230519927982
2007-05-07 16:00:00,-0.6100739352609711
2007-05-08 16:00:00,-0.6123919161685774
2007-05-09 16:00:00,-0.6000965391804057
2007-05-10 16:00:00,-0.6393006510525263
2007-05-11 16:00:00,-0.6127950432829437
2007-05-14 16:00:00,-0.6377889243736526
2007-05-15 16:00:00,-0.6568366805274595
2007-05-16 16:00:00,-0.5831652003770222
2007-05-17 16:00:00,-0.5914293062215309
2007-05-18 16:00:00,-0.594654323136461
2007-05-21 16:00:00,-0.5932433782361792
2007-05-22 16:00:00,-0.5667377704665965
2007-05-23 16:00:00,-0.5763120394327955
2007-05-24 16:00:00,-0.5744979674181472
2007-05-25 16:00:00,-0.5281383492660253
2007-05-29 16:00:00,-0.5099976291195427
2007-05-30 16:00:00,-0.45204810642939036
2007-05-31 16:00:00,-0.4555754686800955
2007-06-01 16:00:00,-0.4429777463561494
2007-06-04 16:00:00,-0.4093166323065652
2007-06-05 16:00:00,-0.3499561647161307
2007-06-06 16:00:00,-0.3529796180738779
2007-06-07 16:00:00,-0.36900392086993716
2007-06-08 16:00:00,-0.36688750351951444
2007-06-11 16:00:00,-0.3877493316879692
2007-06-12 16:00:00,-0.4209065368445957
2007-06-13 16:00:00,-0.41858855593698946
2007-06-14 16:00:00,-0.43068236936797794
2007-06-15 16:00:00,-0.4152627572434678
2007-06-18 16:00:00,-0.36829844841979625
2007-06-19 16:00:00,-0.37283362845641677
2007-06-20 16:00:00,-0.39470327441078745
2007-06-21 16:00:00,-0.3738414462423327
2007-06-22 16:00:00,-0.319016158688519
2007-06-25 16:00:00,-0.3067207817003473
2007-06-26 16:00:00,-0.29230898736175337
2007-06-27 16:00:00,-0.31236456130147516
2007-06-28 16:00:00,-0.31881459513133603
2007-06-29 16:00:00,-0.33050528144795777
2007-07-02 16:00:00,-0.2917042966902039
2007-07-03 16:00:00,-0.27174950452907304
2007-07-05 16:00:00,-0.23496415534315046
2007-07-06 16:00:00,-0.24625171454540568
2007-07-09 16:00:00,-0.2303281935279379
2007-07-10 16:00:00,-0.22639770416286684
2007-07-11 16:00:00,-0.22065314278314743
2007-07-12 16:00:00,-0.2163195263037099
2007-07-13 16:00:00,-0.18185215802539303
2007-07-16 16:00:00,-0.17772010510313901
2007-07-17 16:00:00,-0.1675411454653906
2007-07-18 16:00:00,-0.19535691635666363
2007-07-19 16:00:00,-0.19989209639328415
2007-07-20 16:00:00,-0.3435061308862704
2007-07-23 16:00:00,-0.38190398852965834
2007-07-24 16:00:00,-0.37434535513529066
2007-07-25 16:00:00,-0.3958118739752949
2007-07-26 16:00:00,-0.4046806704913529
2007-07-27 16:00:00,-0.38502822366599704
2007-07-30 16:00:00,-0.36376326838317574
2007-07-31 16:00:00,-0.394602492632196
2007-08-01 16:00:00,-0.37968678940064354
2007-08-02 16:00:00,-0.38946262192402603
2007-08-03 16:00:00,-0.42987611513924523
2007-08-06 16:00:00,-0.394602492632196
2007-08-07 16:00:00,-0.36416639549754226
2007-08-08 16:00:00,-0.3149848875448565
2007-08-09 16:00:00,-0.37071721110599404
2007-08-10 16:00:00,-0.3655773403978241
2007-08-13 16:00:00,-0.36678672174092297
2007-08-14 16:00:00,-0.40165721713360575
2007-08-15 16:00:00,-0.4573895406947436
2007-08-16 16:00:00,-0.4877248560508061
2007-08-17 16:00:00,-0.4447918183707974
2007-08-20 16:00:00,-0.4554746869015038
2007-08-21 16:00:00,-0.41163461321417116
2007-08-22 16:00:00,-0.38069460718655945
2007-08-23 16:00:00,-0.38351649698712315
2007-08-24 16:00:00,-0.36930626620571216
2007-08-27 16:00:00,-0.37807428094317874
2007-08-28 16:00:00,-0.4127432127786786
2007-08-29 16:00:00,-0.37998913473641854
2007-08-30 16:00:00,-0.3874469863521945
2007-08-31 16:00:00,-0.3680968848626133
2007-09-04 16:00:00,-0.3181091226811951
2007-09-05 16:00:00,-0.3048059279071075
2007-09-06 16:00:00,-0.3263732285257037
2007-09-07 16:00:00,-0.3474366202513415
2007-09-10 16:00:00,-0.3719265924490929
2007-09-11 16:00:00,-0.33735844239218454
2007-09-12 16:00:00,-0.3307068450051413
2007-09-13 16:00:00,-0.3200239764744349
2007-09-14 16:00:00,-0.2999684025347125
2007-09-17 16:00:00,-0.31740365023105366
2007-09-18 16:00:00,-0.26711354271386106
2007-09-19 16:00:00,-0.20866011113075073
2007-09-20 16:00:00,-0.17852635933187141
2007-09-21 16:00:00,-0.1418417919245403
2007-09-24 16:00:00,-0.1019322076022785
2007-09-25 16:00:00,-0.09699390045129208
2007-09-26 16:00:00,-0.10122673515213758
2007-09-27 16:00:00,-0.10455253384565978
2007-09-28 16:00:00,-0.10566113341016661
2007-10-01 16:00:00,-0.028563072787616314
2007-10-02 16:00:00,-0.019291149157191777
2007-10-03 16:00:00,-0.021206002950431572
2007-10-04 16:00:00,-0.0464014475983239
2007-10-05 16:00:00,0.029386449902536037
2007-10-08 16:00:00,0.10789545542536874
2007-10-09 16:00:00,0.1360135716524162
2007-10-10 16:00:00,0.18751306051270827
2007-10-11 16:00:00,0.1703801581521416
2007-10-12 16:00:00,0.24798212766764985
2007-10-15 16:00:00,0.1609066709645341
2007-10-16 16:00:00,0.1401456245746708
2007-10-17 16:00:00,0.22832968084229396
2007-10-18 16:00:00,0.25926968686990565
2007-10-19 16:00:00,0.28496904041075594
2007-10-22 16:00:00,0.3154051375454097
2007-10-23 16:00:00,0.44158392434205485
2007-10-24 16:00:00,0.4418862696778293
2007-10-25 16:00:00,0.4050001387133147
2007-10-26 16:00:00,0.4357385811837434
2007-10-29 16:00:00,0.459019172038396
2007-10-30 16:00:00,0.5374273957826372
2007-10-31 16:00:00,0.5991058442806777
2007-11-01 16:00:00,0.5800580881268707
2007-11-02 16:00:00,0.6205723631206819
2007-11-05 16:00:00,0.6932360254852031
2007-11-06 16:00:00,0.774667702587191
2007-11-07 16:00:00,0.7300213746711257
2007-11-08 16:00:00,0.5327914339674247
2007-11-09 16:00:00,0.38212267497302865
2007-11-12 16:00:00,0.22117417456229274
2007-11-13 16:00:00,0.3648889908338705
2007-11-14 16:00:00,0.2696502100648376
2007-11-15 16:00:00,0.2089795793527125
2007-11-16 16:00:00,0.22903515329243487
2007-11-19 16:00:00,0.18983104142031454
2007-11-20 16:00:00,0.30421836012174536
2007-11-21 16:00:00,0.36468742727668696
2007-11-23 16:00:00,0.44632066793585834
2007-11-26 16:00:00,0.3919992892750026
2007-11-27 16:00:00,0.430497928696982
2007-11-28 16:00:00,0.524829673458691
2007-11-29 16:00:00,0.548714954984893
2007-11-30 16:00:00,0.5285585992665791
2007-12-03 16:00:00,0.4707098583550183
2007-12-04 16:00:00,0.48391227135051385
2007-12-05 16:00:00,0.5562735883792607
2007-12-06 16:00:00,0.6408295006175873
2007-12-07 16:00:00,0.638813865045756
2007-12-10 16:00:00,0.656753021635055
2007-12-11 16:00:00,0.5598009506299653
2007-12-12 16:00:00,0.5605064230801062
2007-12-13 16:00:00,0.5337992517533405
2007-12-14 16:00:00,0.5131389871420687
2007-12-17 16:00:00,0.4086282827426113
2007-12-18 16:00:00,0.42938932913247463
2007-12-19 16:00:00,0.44964646662937996
2007-12-20 16:00:00,0.5118288240203783
2007-12-21 16:00:00,0.5471024465274277
2007-12-24 16:00:00,0.5675611475815165
2007-12-26 16:00:00,0.61855672754885
2007-12-27 16:00:00,0.5675611475815165
2007-12-28 16:00:00,0.5766315076547576
2007-12-31 16:00:00,0.5208991840936193
2008-01-02 16:00:00,0.48915292383727527
2008-01-03 16:00:00,0.4898583962874162
2008-01-04 16:00:00,0.3469498342445708
2008-01-07 16:00:00,0.307846504151042
2008-01-08 16:00:00,0.21925932076905294
2008-01-09 16:00:00,0.3278012963121729
2008-01-10 16:00:00,0.29514800004850433
2008-01-11 16:00:00,0.2523157441470874
2008-01-14 16:00:00,0.33092553144851156
2008-01-15 16:00:00,0.2492922907893402
2008-01-16 16:00:00,0.1398432792388958
2008-01-17 16:00:00,0.06345069106648642
2008-01-18 16:00:00,0.06072958304451423
2008-01-22 16:00:00,-0.019492712714374735
2008-01-23 16:00:00,-0.19979131461469266
2008-01-24 16:00:00,-0.06927891133861053
2008-01-25 16:00:00,-0.11009553166819563
2008-01-28 16:00:00,-0.1626028383144036
2008-01-29 16:00:00,-0.19011626386990166
2008-01-30 16:00:00,-0.20150460485074892
2008-01-31 16:00:00,-0.12067761842031052
2008-02-01 16:00:00,-0.36477108616909165
2008-02-04 16:00:00,-0.46807240922544996
2008-02-05 16:00:00,-0.410727577206847
2008-02-06 16:00:00,-0.43632614896910554
2008-02-07 16:00:00,-0.41999950083727156
2008-02-08 16:00:00,-0.36084059680402003
2008-02-11 16:00:00,-0.338265478399509
2008-02-12 16:00:00,-0.3537858723026103
2008-02-13 16:00:00,-0.27033855962879116
2008-02-14 16:00:00,-0.2823315912811879
2008-02-15 16:00:00,-0.2955340042766835
2008-02-19 16:00:00,-0.3998431451189577
2008-02-20 16:00:00,-0.39964158156177443
2008-02-21 16:00:00,-0.43058158758938614
2008-02-22 16:00:00,-0.40568848827726856
2008-02-25 16:00:00,-0.5134242095916561
2008-02-26 16:00:00,-0.6255943291640728
2008-02-27 16:00:00,-0.5818550372553319
2008-02-28 16:00:00,-0.569156533152794
2008-02-29 16:00:00,-0.5903207066570234
2008-03-03 16:00:00,-0.6617749876784461
2008-03-04 16:00:00,-0.7244612539624022
2008-03-05 16:00:00,-0.7088400782807092
2008-03-06 16:00:00,-0.7844264122243861
2008-03-07 16:00:00,-0.781201395309456
2008-03-10 16:00:00,-0.8806730107793347
2008-03-11 16:00:00,-0.7484473172671959
2008-03-12 16:00:00,-0.7467340270311391
2008-03-13 16:00:00,-0.7324230144711364
2008-03-14 16:00:00,-0.7581223680119864
2008-03-17 16:00:00,-0.8492290958587653
2008-03-18 16:00:00,-0.7518738977393091
2008-03-19 16:00:00,-0.7879537744750911
2008-03-20 16:00:00,-0.7801935775235401
2008-03-24 16:00:00,-0.6439366128677385
2008-03-25 16:00:00,-0.6932189025990159
2008-03-26 16:00:00,-0.6559296445201352
2008-03-27 16:00:00,-0.7270815802057833
2008-03-28 16:00:00,-0.757316113783254
2008-03-31 16:00:00,-0.7452223003522656
2008-04-01 16:00:00,-0.6179349139911136
2008-04-02 16:00:00,-0.6180356957697051
2008-04-03 16:00:00,-0.6713492566446454
2008-04-04 16:00:00,-0.5908246155499814
2008-04-07 16:00:00,-0.561900245094201
2008-04-08 16:00:00,-0.607352827238999
2008-04-09 16:00:00,-0.6255943291640728
2008-04-10 16:00:00,-0.6009027934091383
2008-04-11 16:00:00,-0.6596585703280234
2008-04-14 16:00:00,-0.6887845043409868
2008-04-15 16:00:00,-0.7131736947601467
2008-04-16 16:00:00,-0.6718531655376031
2008-04-17 16:00:00,-0.6995681546502847
2008-04-18 16:00:00,-0.24625171454540568
2008-04-21 16:00:00,-0.2544150386113228
2008-04-22 16:00:00,-0.1675411454653906
2008-04-23 16:00:00,-0.21047418314539904
2008-04-24 16:00:00,-0.22790943084174015
2008-04-25 16:00:00,-0.2227695601335702
2008-04-28 16:00:00,-0.18205372158257657
2008-04-29 16:00:00,-0.15010589776904892
2008-04-30 16:00:00,-0.07028672912452587
2008-05-01 16:00:00,0.02454892453014053
2008-05-02 16:00:00,-0.034912324838885136
2008-05-05 16:00:00,0.033720066381973585
2008-05-06 16:00:00,-0.009414534855217803
2008-05-07 16:00:00,-0.04650222937691538
2008-05-08 16:00:00,-0.02624509188001004
2008-05-09 16:00:00,-0.07562816338987935
2008-05-12 16:00:00,-0.01657004113521959
2008-05-13 16:00:00,-0.026345873658601516
2008-05-14 16:00:00,-0.060107769486777464
2008-05-15 16:00:00,-0.036424051517758446
2008-05-16 16:00:00,-0.041060013332971004
2008-05-19 16:00:00,-0.053960080992691596
2008-05-20 16:00:00,-0.04851786494874722
2008-05-21 16:00:00,-0.19283737189187442
2008-05-22 16:00:00,-0.1955584799138466
2008-05-23 16:00:00,-0.21994767033300652
2008-05-27 16:00:00,-0.1378105207808772
2008-05-28 16:00:00,-0.10082360803777167
2008-05-29 16:00:00,-0.026345873658601516
2008-05-30 16:00:00,-0.01223642465578204
2008-06-02 16:00:00,-0.06665858509522923
2008-06-03 16:00:00,-0.10556035163157514
2008-06-04 16:00:00,-0.08066725231945782
2008-06-05 16:00:00,-0.009716880190992809
2008-06-06 16:00:00,-0.10707207831044901
2008-06-09 16:00:00,-0.15312935112679613
2008-06-10 16:00:00,-0.1717739801662361
2008-06-11 16:00:00,-0.2170249987538508
2008-06-12 16:00:00,-0.17792166866032197
2008-06-13 16:00:00,-0.08429539634875387
2008-06-16 16:00:00,-0.07774458074030209
2008-06-17 16:00:00,-0.0946759195436858
2008-06-18 16:00:00,-0.13035266916510097
2008-06-19 16:00:00,-0.14133788303158235
2008-06-20 16:00:00,-0.21077652848117348
2008-06-23 16:00:00,-0.21692421697525935
2008-06-24 16:00:00,-0.23163835664962826
2008-06-25 16:00:00,-0.18769750118370446
2008-06-26 16:00:00,-0.2996660571989375
2008-06-27 16:00:00,-0.30339498300682566
2008-06-30 16:00:00,-0.3117598706299257
2008-07-01 16:00:00,-0.26983465073583324
2008-07-02 16:00:00,-0.30863563549358763
2008-07-03 16:00:00,-0.2583455279763945
2008-07-07 16:00:00,-0.22347503258371113
2008-07-08 16:00:00,-0.1699599081515878
2008-07-09 16:00:00,-0.23536728245751637
2008-07-10 16:00:00,-0.24030558960850334
2008-07-11 16:00:00,-0.2744706125510452
2008-07-14 16:00:00,-0.3359474974919027
2008-07-15 16:00:00,-0.3638640501617672
2008-07-16 16:00:00,-0.2654002524778042
2008-07-17 16:00:00,-0.27628468456569355
2008-07-18 16:00:00,-0.5392243449110979
2008-07-21 16:00:00,-0.602414520088012
2008-07-22 16:00:00,-0.5604893001939192
2008-07-23 16:00:00,-0.49941554236742813
2008-07-24 16:00:00,-0.5679471518096951
2008-07-25 16:00:00,-0.48540687514319986
2008-07-28 16:00:00,-0.5603885184153274
2008-07-29 16:00:00,-0.5301539848378566
2008-07-30 16:00:00,-0.5322704021882796
2008-07-31 16:00:00,-0.5774206389973026
2008-08-01 16:00:00,-0.6071512636818157
2008-08-04 16:00:00,-0.6316412358795671
2008-08-05 16:00:00,-0.5466821965268741
2008-08-06 16:00:00,-0.5139281184846141
2008-08-07 16:00:00,-0.5503103405561705
2008-08-08 16:00:00,-0.47018882657587296
2008-08-11 16:00:00,-0.44076054722713487
2008-08-12 16:00:00,-0.43179096893248503
2008-08-13 16:00:00,-0.4447918183707974
2008-08-14 16:00:00,-0.4172783928152991
2008-08-15 16:00:00,-0.3937962384034633
2008-08-18 16:00:00,-0.453559833108264
2008-08-19 16:00:00,-0.4928647267589761
2008-08-20 16:00:00,-0.5206804976502492
2008-08-21 16:00:00,-0.5129203006986984
2008-08-22 16:00:00,-0.4924615996446099
2008-08-25 16:00:00,-0.5306578937308145
2008-08-26 16:00:00,-0.5753042216468798
2008-08-27 16:00:00,-0.603523119652519
2008-08-28 16:00:00,-0.5772190754401196
2008-08-29 16:00:00,-0.6301295092006935
2008-09-02 16:00:00,-0.6202528948987195
2008-09-03 16:00:00,-0.6244857295995656
2008-09-04 16:00:00,-0.6958392288423966
2008-09-05 16:00:00,-0.7261745441984591
2008-09-08 16:00:00,-0.8488259687443988
2008-09-09 16:00:00,-0.8552760025742594
2008-09-10 16:00:00,-0.8779519027573625
2008-09-11 16:00:00,-0.7791857597376245
2008-09-12 16:00:00,-0.7594325311336768
2008-09-15 16:00:00,-0.778581069066075
2008-09-16 16:00:00,-0.7328261415855026
2008-09-17 16:00:00,-0.8763393942998974
2008-09-18 16:00:00,-0.7522770248536755
2008-09-19 16:00:00,-0.7014830084435244
2008-09-22 16:00:00,-0.797326479884107
2008-09-23 16:00:00,-0.801760878142136
2008-09-24 16:00:00,-0.7723325987933977
2008-09-25 16:00:00,-0.7496566986102946
2008-09-26 16:00:00,-0.7927912998474862
2008-09-29 16:00:00,-1.0452496552193675
2008-09-30 16:00:00,-0.9467858575354041
2008-10-01 16:00:00,-0.890247279745534
2008-10-02 16:00:00,-0.9973783103883721
2008-10-03 16:00:00,-1.0154182487562629
2008-10-06 16:00:00,-1.0946327267292364
2008-10-07 16:00:00,-1.2217185495332052
2008-10-08 16:00:00,-1.2616281338554667
2008-10-09 16:00:00,-1.307685406671814
2008-10-10 16:00:00,-1.2923665763258956
2008-10-13 16:00:00,-1.0451488734407761
2008-10-14 16:00:00,-1.1374649826306535
2008-10-15 16:00:00,-1.2562866995901136
2008-10-16 16:00:00,-1.1863441452475645
2008-10-17 16:00:00,-1.0878803475636012
2008-10-20 16:00:00,-1.0537153246210593
2008-10-21 16:00:00,-1.1372634190734703
2008-10-22 16:00:00,-1.1730409504734773
2008-10-23 16:00:00,-1.1898715074982693
2008-10-24 16:00:00,-1.255682008918564
2008-10-27 16:00:00,-1.3050650804284332
2008-10-28 16:00:00,-1.1070288854959995
2008-10-29 16:00:00,-1.1612494823782638
2008-10-30 16:00:00,-1.1527838129765717
2008-10-31 16:00:00,-1.154396321434037
2008-11-03 16:00:00,-1.2192997868470077
2008-11-04 16:00:00,-1.1162000273478323
2008-11-05 16:00:00,-1.240766305687012
2008-11-06 16:00:00,-1.2962970656909667
2008-11-07 16:00:00,-1.2967001928053328
2008-11-10 16:00:00,-1.3590841137535141
2008-11-11 16:00:00,-1.3959702447180289
2008-11-12 16:00:00,-1.4991707859957957
2008-11-13 16:00:00,-1.3928460095816901
2008-11-14 16:00:00,-1.4032265327766218
2008-11-17 16:00:00,-1.45321429495804
2008-11-18 16:00:00,-1.4668198350679018
2008-11-19 16:00:00,-1.5537945099924264
2008-11-20 16:00:00,-1.6578013054989258
2008-11-21 16:00:00,-1.6432887293817398
2008-11-24 16:00:00,-1.6684841740296321
2008-11-25 16:00:00,-1.5443210228048188
2008-11-26 16:00:00,-1.493728569951851
2008-11-28 16:00:00,-1.489294171693822
2008-12-01 16:00:00,-1.6253495727924405
2008-12-02 16:00:00,-1.5793930817546848
2008-12-03 16:00:00,-1.557624217578906
2008-12-04 16:00:00,-1.5832227893411643
2008-12-05 16:00:00,-1.5345451902814367
2008-12-08 16:00:00,-1.443136117098883
2008-12-09 16:00:00,-1.4236852338307104
2008-12-10 16:00:00,-1.4093742212707074
2008-12-11 16:00:00,-1.4527103860650823
2008-12-12 16:00:00,-1.3743021623208413
2008-12-15 16:00:00,-1.4000015158616914
2008-12-16 16:00:00,-1.3263300357112542
2008-12-17 16:00:00,-1.376922488564222
2008-12-18 16:00:00,-1.401916369654931
2008-12-19 16:00:00,-1.4025210603264806
2008-12-22 16:00:00,-1.4684323435253672
2008-12-23 16:00:00,-1.463796381710155
2008-12-24 16:00:00,-1.4389032823980372
2008-12-26 16:00:00,-1.452004913614941
2008-12-29 16:00:00,-1.4668198350679018
2008-12-30 16:00:00,-1.4380970281693046
2008-12-31 16:00:00,-1.4152195644290184
2009-01-02 16:00:00,-1.3462848278723851
2009-01-05 16:00:00,-1.312321368487026
2009-01-06 16:00:00,-1.281986053130964
2009-01-07 16:00:00,-1.3427574656216803
2009-01-08 16:00:00,-1.3267331628256207
2009-01-09 16:00:00,-1.3778295245715462
2009-01-12 16:00:00,-1.389822556223943
2009-01-13 16:00:00,-1.3815584503794343
2009-01-14 16:00:00,-1.4488806784786028
2009-01-15 16:00:00,-1.4589588563377596
2009-01-16 16:00:00,-1.4555322758656462
2009-01-20 16:00:00,-1.5407936605541137
2009-01-21 16:00:00,-1.4382985917264879
2009-01-22 16:00:00,-1.4210649075873294
2009-01-23 16:00:00,-1.32925270729041
2009-01-26 16:00:00,-1.3333847602126643
2009-01-27 16:00:00,-1.2949869025692762
2009-01-28 16:00:00,-1.2083145729805267
2009-01-29 16:00:00,-1.235324089643067
2009-01-30 16:00:00,-1.2595117165050438
2009-02-02 16:00:00,-1.2491311933101121
2009-02-03 16:00:00,-1.2497358839816615
2009-02-04 16:00:00,-1.2369365981005325
2009-02-05 16:00:00,-1.1828167829968597
2009-02-06 16:00:00,-1.09422959961487
2009-02-09 16:00:00,-1.0565372144216232
2009-02-10 16:00:00,-1.1587299379134743
2009-02-11 16:00:00,-1.1610479188210807
2009-02-12 16:00:00,-1.1357516923945967
2009-02-13 16:00:00,-1.1628619908357287
2009-02-17 16:00:00,-1.238649888336589
2009-02-18 16:00:00,-1.1859410181331984
2009-02-19 16:00:00,-1.2387506701151805
2009-02-20 16:00:00,-1.2195013504041907
2009-02-23 16:00:00,-1.3021424088492777
2009-02-24 16:00:00,-1.224540439333769
2009-02-25 16:00:00,-1.2437897590447589
2009-02-26 16:00:00,-1.266264095670679
2009-02-27 16:00:00,-1.2622328245270162
2009-03-02 16:00:00,-1.3168565485236468
2009-03-03 16:00:00,-1.3253222179253386
2009-03-04 16:00:00,-1.3583786413033732
2009-03-05 16:00:00,-1.4253985240667668
2009-03-06 16:00:00,-1.4105836026138063
2009-03-09 16:00:00,-1.499775476667345
2009-03-10 16:00:00,-1.4125992381856376
2009-03-11 16:00:00,-1.3635185120115432
2009-03-12 16:00:00,-1.3350980504487207
2009-03-13 16:00:00,-1.3306636521906916
2009-03-16 16:00:00,-1.3545489337168937
2009-03-17 16:00:00,-1.2755360193011034
2009-03-18 16:00:00,-1.286823578503359
2009-03-19 16:00:00,-1.3028478812994186
2009-03-20 16:00:00,-1.3016384999563197
2009-03-23 16:00:00,-1.2086169183163014
2009-03-24 16:00:00,-1.2158732063748945
2009-03-25 16:00:00,-1.2314943820565876
2009-03-26 16:00:00,-1.1850339821258742
2009-03-27 16:00:00,-1.2132528801315134
2009-03-30 16:00:00,-1.2384483247794058
2009-03-31 16:00:00,-1.2114388081168654
2009-04-01 16:00:00,-1.1810027109822114
2009-04-02 16:00:00,-1.1385735821951606
2009-04-03 16:00:00,-1.1018890147878295
2009-04-06 16:00:00,-1.1096492117393801
2009-04-07 16:00:00,-1.1580244654633336
2009-04-08 16:00:00,-1.1410931266599498
2009-04-09 16:00:00,-1.0880819111207845
2009-04-13 16:00:00,-1.059863013115145
2009-04-14 16:00:00,-1.106222631267267
2009-04-15 16:00:00,-1.052808288613735
2009-04-16 16:00:00,-1.00624710690443
2009-04-17 16:00:00,-0.988509513872314
2009-04-20 16:00:00,-1.0538161063996507
2009-04-21 16:00:00,-1.0428308925331697
2009-04-22 16:00:00,-1.030837860880773
2009-04-23 16:00:00,-1.0266050261799273
2009-04-24 16:00:00,-1.0024173993179506
2009-04-27 16:00:00,-1.0202557741286584
2009-04-28 16:00:00,-1.0315433333309139
2009-04-29 16:00:00,-0.9924400032373851
2009-04-30 16:00:00,-0.969764103054282
2009-05-01 16:00:00,-0.981253225813721
2009-05-04 16:00:00,-0.9394287876982197
2009-05-05 16:00:00,-0.9342889169900498
2009-05-06 16:00:00,-0.931870154303852
2009-05-07 16:00:00,-0.9665390861393518
2009-05-08 16:00:00,-0.9124192710356791
2009-05-11 16:00:00,-0.909194254120749
2009-05-12 16:00:00,-0.9544452727083637
2009-05-13 16:00:00,-1.0022158357607673
2009-05-14 16:00:00,-1.0124955771771074
2009-05-15 16:00:00,-0.9997970730745698
2009-05-18 16:00:00,-0.9653297047962529
2009-05-19 16:00:00,-0.9550499633799131
2009-05-20 16:00:00,-0.9636164145601964
2009-05-21 16:00:00,-0.9670429950323098
2009-05-22 16:00:00,-0.9821602618210452
2009-05-26 16:00:00,-0.927435756045823
2009-05-27 16:00:00,-0.9213888493303288
2009-05-28 16:00:00,-0.8968988771325774
2009-05-29 16:00:00,-0.8625322906328524
2009-06-01 16:00:00,-0.8154672000305894
2009-06-02 16:00:00,-0.8061952764001651
2009-06-03 16:00:00,-0.7897678464897393
2009-06-04 16:00:00,-0.7462301181381812
2009-06-05 16:00:00,-0.7258721988626844
2009-06-08 16:00:00,-0.7538895333111406
2009-06-09 16:00:00,-0.769712272550017
2009-06-10 16:00:00,-0.7849303211173438
2009-06-11 16:00:00,-0.8031718230424179
2009-06-12 16:00:00,-0.8241344329894644
2009-06-15 16:00:00,-0.8648502715404583
2009-06-16 16:00:00,-0.868679979126938
2009-06-17 16:00:00,-0.8729128138277841
2009-06-18 16:00:00,-0.8784558116503202
2009-06-19 16:00:00,-0.8480197145156664
2009-06-22 16:00:00,-0.9123184892570876
2009-06-23 16:00:00,-0.9207841586587795
2009-06-24 16:00:00,-0.9025426567337054
2009-06-25 16:00:00,-0.8698893604700368
2009-06-26 16:00:00,-0.8217156703032666
2009-06-29 16:00:00,-0.8276617952401693
2009-06-30 16:00:00,-0.8404610811212987
2009-07-01 16:00:00,-0.8536634941167943
2009-07-02 16:00:00,-0.9065739278773682
2009-07-06 16:00:00,-0.9009301482762403
2009-07-07 16:00:00,-0.9664383043607604
2009-07-08 16:00:00,-0.936808461454839
2009-07-09 16:00:00,-0.896999658911169
2009-07-10 16:00:00,-0.8767425214142636
2009-07-13 16:00:00,-0.8268555410114367
2009-07-14 16:00:00,-0.8248399054396054
2009-07-15 16:00:00,-0.7569129866688875
2009-07-16 16:00:00,-0.7345394318215591
2009-07-17 16:00:00,-0.7968225709911491
2009-07-20 16:00:00,-0.7972256981055152
2009-07-21 16:00:00,-0.8087148208649543
2009-07-22 16:00:00,-0.8097226386508699
2009-07-23 16:00:00,-0.7610450395911421
2009-07-24 16:00:00,-0.7137783854316959
2009-07-27 16:00:00,-0.7234534361764866
2009-07-28 16:00:00,-0.7484473172671959
2009-07-29 16:00:00,-0.7665880374136783
2009-07-30 16:00:00,-0.7192206014756408
2009-07-31 16:00:00,-0.7322214509139532
2009-08-03 16:00:00,-0.6860633963190144
2009-08-04 16:00:00,-0.6784039811460552
2009-08-05 16:00:00,-0.6914048305843675
2009-08-06 16:00:00,-0.6953353199494389
2009-08-07 16:00:00,-0.6613718605640799
2009-08-10 16:00:00,-0.6638914050288692
2009-08-11 16:00:00,-0.677295381581548
2009-08-12 16:00:00,-0.6539140089483038
2009-08-13 16:00:00,-0.6352693799088635
2009-08-14 16:00:00,-0.6467585026683025
2009-08-17 16:00:00,-0.7229495272835289
2009-08-18 16:00:00,-0.7210346734902888
2009-08-19 16:00:00,-0.7275854890987409
2009-08-20 16:00:00,-0.6446420853178795
2009-08-21 16:00:00,-0.6203536766773113
2009-08-24 16:00:00,-0.6027168654237867
2009-08-25 16:00:00,-0.5894136706496996
2009-08-26 16:00:00,-0.6064457912316747
2009-08-27 16:00:00,-0.616221623755057
2009-08-28 16:00:00,-0.6227724393635088
2009-08-31 16:00:00,-0.6382928332666107
2009-09-01 16:00:00,-0.6681242397297149
2009-09-02 16:00:00,-0.6820321251753517
2009-09-03 16:00:00,-0.6592554432136569
2009-09-04 16:00:00,-0.6402076870598504
2009-09-08 16:00:00,-0.6537124453911207
2009-09-09 16:00:00,-0.6267029287285801
2009-09-10 16:00:00,-0.5915300880001223
2009-09-11 16:00:00,-0.5854831812846283
2009-09-14 16:00:00,-0.5704666962744843
2009-09-15 16:00:00,-0.5582721010649047
2009-09-16 16:00:00,-0.5040515041826404
2009-09-17 16:00:00,-0.4867170382648902
2009-09-18 16:00:00,-0.48802720138658084
2009-09-21 16:00:00,-0.46011064871671603
2009-09-22 16:00:00,-0.4497301255217844
2009-09-23 16:00:00,-0.4527535788795316
2009-09-24 16:00:00,-0.4613200300598149
2009-09-25 16:00:00,-0.4828873306784106
2009-09-28 16:00:00,-0.4524512335437569
2009-09-29 16:00:00,-0.4524512335437569
2009-09-30 16:00:00,-0.4659559918750272
2009-10-01 16:00:00,-0.5095945020051765
2009-10-02 16:00:00,-0.5227969150006722
2009-10-05 16:00:00,-0.502942904618133
2009-10-06 16:00:00,-0.45134263397924945
2009-10-07 16:00:00,-0.35650698032458306
2009-10-08 16:00:00,-0.3734383191279662
2009-10-09 16:00:00,-0.36305779593303483
2009-10-12 16:00:00,-0.32375290228232306
2009-10-13 16:00:00,-0.3132715973087996
2009-10-14 16:00:00,-0.266811197378086
2009-10-15 16:00:00,-0.2941230593764011
2009-10-16 16:00:00,-0.19354284434201532
2009-10-19 16:00:00,-0.18225528513975953
2009-10-20 16:00:00,-0.18406935715440784
2009-10-21 16:00:00,-0.1871935922907465
2009-10-22 16:00:00,-0.1721771072806026
2009-10-23 16:00:00,-0.17419274285243386
2009-10-26 16:00:00,-0.17157241660905315
2009-10-27 16:00:00,-0.20140382307215746
2009-10-28 16:00:00,-0.2417165345087852
2009-10-29 16:00:00,-0.18749593762652095
2009-10-30 16:00:00,-0.2627799262344235
2009-11-02 16:00:00,-0.2735635765437213
2009-11-03 16:00:00,-0.25693458307611206
2009-11-04 16:00:00,-0.24151497095160224
2009-11-05 16:00:00,-0.19958975105750915
2009-11-06 16:00:00,-0.1871935922907465
2009-11-09 16:00:00,-0.12964719671496006
2009-11-10 16:00:00,-0.10828145965354732
2009-11-11 16:00:00,-0.0890321399425579
2009-11-12 16:00:00,-0.10273846183101147
2009-11-13 16:00:00,-0.08157428832678168
2009-11-16 16:00:00,-0.06020855126536894
2009-11-17 16:00:00,-0.054161644549875126
2009-11-18 16:00:00,-0.058394479250720624
2009-11-19 16:00:00,-0.07683754473297823
2009-11-20 16:00:00,-0.09205559330030509
2009-11-23 16:00:00,-0.029570890573531666
2009-11-24 16:00:00,-0.025841964765644126
2009-11-25 16:00:00,-0.012538769991556474
2009-11-27 16:00:00,-0.04267252179043579
2009-11-30 16:00:00,-0.026345873658601516
2009-12-01 16:00:00,0.008323058176898305
2009-12-02 16:00:00,-0.003569191696906943
2009-12-03 16:00:00,-0.012538769991556474
2009-12-04 16:00:00,-0.01616691402085311
2009-12-07 16:00:00,-0.009918443748175763
2009-12-08 16:00:00,-0.00588717260451322
2009-12-09 16:00:00,0.003989441697460756
2009-12-10 16:00:00,0.01658716402140692
2009-12-11 16:00:00,0.011548075091828454
2009-12-14 16:00:00,0.03785211930422818
2009-12-15 16:00:00,0.024851269865915536
2009-12-16 16:00:00,0.04813186072056807
2009-12-17 16:00:00,0.02888254100957808
2009-12-18 16:00:00,0.04137948155493276
2009-12-21 16:00:00,0.05276782253578005
2009-12-22 16:00:00,0.06506319952395179
2009-12-23 16:00:00,0.11837676039889158
2009-12-24 16:00:00,0.1526425651200255
2009-12-28 16:00:00,0.17481455641017063
2009-12-29 16:00:00,0.15727852693523747
2009-12-30 16:00:00,0.17410908396002972
2009-12-31 16:00:00,0.16020119851439318
2010-01-04 16:00:00,0.19436622145693505
2010-01-05 16:00:00,0.18045833601129851
2010-01-06 16:00:00,0.10104229448114195
2010-01-07 16:00:00,0.029688795238311045
2010-01-08 16:00:00,0.06959837956057228
2010-01-11 16:00:00,0.06506319952395179
2010-01-12 16:00:00,0.011447293313236977
2010-01-13 16:00:00,-0.005685609047330265
2010-01-14 16:00:00,0.008222276398306827
2010-01-15 16:00:00,-0.04146314044733691
2010-01-19 16:00:00,-0.0030652828039489815
2010-01-20 16:00:00,-0.039346723096914164
2010-01-21 16:00:00,-0.026446655437193566
2010-01-22 16:00:00,-0.19273659011328292
2010-01-25 16:00:00,-0.24322826118765906
2010-01-26 16:00:00,-0.2310336659780788
2010-01-27 16:00:00,-0.23264617443554417
2010-01-28 16:00:00,-0.27205184986484743
2010-01-29 16:00:00,-0.29392149581921817
2010-02-01 16:00:00,-0.27840110191611683
2010-02-02 16:00:00,-0.28797537088231584
2010-02-03 16:00:00,-0.23909620826540448
2010-02-04 16:00:00,-0.309945798615278
2010-02-05 16:00:00,-0.28716911665358286
2010-02-08 16:00:00,-0.27618390278710203
2010-02-09 16:00:00,-0.2611674177769581
2010-02-10 16:00:00,-0.27124559563611506
2010-02-11 16:00:00,-0.2613689813341411
2010-02-12 16:00:00,-0.2778971930231589
2010-02-16 16:00:00,-0.23667744557920672
2010-02-17 16:00:00,-0.2522986212609001
2010-02-18 16:00:00,-0.22700239483441625
2010-02-19 16:00:00,-0.23939855360117948
2010-02-22 16:00:00,-0.229118812184839
2010-02-23 16:00:00,-0.26812136049977636
2010-02-24 16:00:00,-0.28626208064625897
2010-02-25 16:00:00,-0.31165908885133425
2010-02-26 16:00:00,-0.3098450168366859
2010-03-01 16:00:00,-0.2801143921521731
2010-03-02 16:00:00,-0.2378868269223056
2010-03-03 16:00:00,-0.21642030808230137
2010-03-04 16:00:00,-0.16965756281581335
2010-03-05 16:00:00,-0.12108074553467701
2010-03-08 16:00:00,-0.1298487602721436
2010-03-09 16:00:00,-0.14133788303158235
2010-03-10 16:00:00,-0.05940229703663655
2010-03-11 16:00:00,-0.03571857906761753
2010-03-12 16:00:00,-0.04378112135494319
2010-03-15 16:00:00,-0.12632139802143844
2010-03-16 16:00:00,-0.11614243838369002
2010-03-17 16:00:00,-0.11432836636904171
2010-03-18 16:00:00,-0.11009553166819563
2010-03-19 16:00:00,-0.14234570081749828
2010-03-22 16:00:00,-0.15494342314144444
2010-03-23 16:00:00,-0.19787646082145288
2010-03-24 16:00:00,-0.1558504591487683
2010-03-25 16:00:00,-0.12783312470031175
2010-03-26 16:00:00,-0.1287401607076362
2010-03-29 16:00:00,-0.12994954205073506
2010-03-30 16:00:00,-0.10848302321073085
2010-03-31 16:00:00,-0.10646738763889958
2010-04-05 16:00:00,-0.0868149408135431
2010-04-06 16:00:00,-0.10092438981636315
2010-04-07 16:00:00,-0.12450732600679011
2010-04-08 16:00:00,-0.10455253384565978
2010-04-09 16:00:00,-0.11100256767552008
2010-04-12 16:00:00,-0.07814770785466858
2010-04-13 16:00:00,-0.007298117504795053
2010-04-14 16:00:00,0.003888659918869278
2010-04-15 16:00:00,0.035735701953804856
2010-04-16 16:00:00,-0.19203111766314143
2010-04-19 16:00:00,-0.19223268122032497
2010-04-20 16:00:00,-0.16733958190820708
2010-04-21 16:00:00,-0.1710685077160952
2010-04-22 16:00:00,-0.2076522933448348
2010-04-23 16:00:00,-0.21803281653976675
2010-04-26 16:00:00,-0.28535504463893513
2010-04-27 16:00:00,-0.29835589407724716
2010-04-28 16:00:00,-0.2977512034056977
2010-04-29 16:00:00,-0.2835409726242868
2010-04-30 16:00:00,-0.3153880146592224
2010-05-03 16:00:00,-0.29059569712569655
2010-05-04 16:00:00,-0.41284399455727006
2010-05-05 16:00:00,-0.3958118739752949
2010-05-06 16:00:00,-0.45174576109361564
2010-05-07 16:00:00,-0.479561531984889
2010-05-10 16:00:00,-0.33574593393471974
2010-05-11 16:00:00,-0.3993392362259997
2010-05-12 16:00:00,-0.41778230170825703
2010-05-13 16:00:00,-0.3900673125955755
2010-05-14 16:00:00,-0.4069986513989589
2010-05-17 16:00:00,-0.4047814522699444
2010-05-18 16:00:00,-0.45325748777248925
2010-05-19 16:00:00,-0.4731114981550284
2010-05-20 16:00:00,-0.5710713869460338
2010-05-21 16:00:00,-0.5859870901775862
2010-05-24 16:00:00,-0.5601869548581444
2010-05-25 16:00:00,-0.5606908637511021
2010-05-26 16:00:00,-0.5687534060384277
2010-05-27 16:00:00,-0.4930662903161593
2010-05-28 16:00:00,-0.517455480735319
2010-06-01 16:00:00,-0.5338829106457447
2010-06-02 16:00:00,-0.47845293242038156
2010-06-03 16:00:00,-0.4167744839223411
2010-06-04 16:00:00,-0.4514434157578409
2010-06-07 16:00:00,-0.5180601714068684
2010-06-08 16:00:00,-0.5217890972147565
2010-06-09 16:00:00,-0.5760096940970207
2010-06-10 16:00:00,-0.5105015380125006
2010-06-11 16:00:00,-0.5030436863967245
2010-06-14 16:00:00,-0.5297508577234904
2010-06-15 16:00:00,-0.45517234156572906
2010-06-16 16:00:00,-0.43854334809812034
2010-06-17 16:00:00,-0.44459025481361447
2010-06-18 16:00:00,-0.4447918183707974
2010-06-21 16:00:00,-0.5027413410609498
2010-06-22 16:00:00,-0.5143312455989802
2010-06-23 16:00:00,-0.5354954191032097
2010-06-24 16:00:00,-0.5705674780530761
2010-06-25 16:00:00,-0.5827620732626557
2010-06-28 16:00:00,-0.585785526620403
2010-06-29 16:00:00,-0.6756828731240827
2010-06-30 16:00:00,-0.7226471819477542
2010-07-01 16:00:00,-0.750261389281844
2010-07-02 16:00:00,-0.7650763107348046
2010-07-06 16:00:00,-0.7674950734210024
2010-07-07 16:00:00,-0.6961415741781712
2010-07-08 16:00:00,-0.6640929685860524
2010-07-09 16:00:00,-0.608965335696464
2010-07-12 16:00:00,-0.5669393340237795
2010-07-13 16:00:00,-0.4995163241460196
2010-07-14 16:00:00,-0.48873267383672175
2010-07-15 16:00:00,-0.47512713372685994
2010-07-16 16:00:00,-0.6487741382401337
2010-07-19 16:00:00,-0.6156169330835075
2010-07-20 16:00:00,-0.537813400010816
2010-07-21 16:00:00,-0.5584736646220876
2010-07-22 16:00:00,-0.5215875336575733
2010-07-23 16:00:00,-0.4950819258879906
2010-07-26 16:00:00,-0.500624923710527
2010-07-27 16:00:00,-0.4821818582282697
2010-07-28 16:00:00,-0.5239055145651795
2010-07-29 16:00:00,-0.5206804976502492
2010-07-30 16:00:00,-0.5213859701003903
2010-08-02 16:00:00,-0.493368635651934
2010-08-03 16:00:00,-0.49629130723108944
2010-08-04 16:00:00,-0.4131463398930448
2010-08-05 16:00:00,-0.40417676159839494
2010-08-06 16:00:00,-0.44388478236347323
2010-08-09 16:00:00,-0.41798386526544
2010-08-10 16:00:00,-0.4262479711099486
2010-08-11 16:00:00,-0.48661625648629875
2010-08-12 16:00:00,-0.4853060933646084
2010-08-13 16:00:00,-0.5138273367060227
2010-08-16 16:00:00,-0.5176570442925021
2010-08-17 16:00:00,-0.49276394498038456
2010-08-18 16:00:00,-0.5349915102102522
2010-08-19 16:00:00,-0.6065465730102663
2010-08-20 16:00:00,-0.6365795430305539
2010-08-23 16:00:00,-0.6261990198356222
2010-08-24 16:00:00,-0.6901954492412689
2010-08-25 16:00:00,-0.6738688011094346
2010-08-26 16:00:00,-0.6922110848131001
2010-08-27 16:00:00,-0.6527046276052051
2010-08-30 16:00:00,-0.6836446336328168
2010-08-31 16:00:00,-0.6970486101854954
2010-09-01 16:00:00,-0.6450452124322457
2010-09-02 16:00:00,-0.630734199872243
2010-09-03 16:00:00,-0.5947551049150528
2010-09-07 16:00:00,-0.6245865113781571
2010-09-08 16:00:00,-0.5933441600147706
2010-09-09 16:00:00,-0.5651252620091312
2010-09-10 16:00:00,-0.5653268255663144
2010-09-13 16:00:00,-0.5343868195387027
2010-09-14 16:00:00,-0.5436587431691269
2010-09-15 16:00:00,-0.5426509253832112
2010-09-16 16:00:00,-0.5405345080327882
2010-09-17 16:00:00,-0.49467879877362436
2010-09-20 16:00:00,-0.4032697255910711
2010-09-21 16:00:00,-0.37706646315726283
2010-09-22 16:00:00,-0.3642671772761337
2010-09-23 16:00:00,-0.37696568137867137
2010-09-24 16:00:00,-0.3073254723718967
2010-09-27 16:00:00,-0.29160351491161185
2010-09-28 16:00:00,-0.30793016304344617
2010-09-29 16:00:00,-0.30530983680006546
2010-09-30 16:00:00,-0.3148841057662644
2010-10-01 16:00:00,-0.31579114177358886
2010-10-04 16:00:00,-0.3322185716840146
2010-10-05 16:00:00,-0.2521978394823086
2010-10-06 16:00:00,-0.27174950452907304
2010-10-07 16:00:00,-0.2936191504834437
2010-10-08 16:00:00,-0.2616713266699161
2010-10-11 16:00:00,-0.24907360434596992
2010-10-12 16:00:00,-0.23617353668624874
2010-10-13 16:00:00,-0.2265992677200498
2010-10-14 16:00:00,-0.23849151759385503
2010-10-15 16:00:00,0.06677648976000805
2010-10-18 16:00:00,0.14871207575495443
2010-10-19 16:00:00,0.09892587713071921
2010-10-20 16:00:00,0.09963134958086012
2010-10-21 16:00:00,0.11988848707776546
2010-10-22 16:00:00,0.12260959509973765
2010-10-25 16:00:00,0.14266516903946003
2010-10-26 16:00:00,0.15324725579157492
2010-10-27 16:00:00,0.14246360548227707
2010-10-28 16:00:00,0.15314647401298345
2010-10-29 16:00:00,0.12855572003664056
2010-11-01 16:00:00,0.13510653564509234
2010-11-02 16:00:00,0.13812998900283954
2010-11-03 16:00:00,0.16120901630030854
2010-11-04 16:00:00,0.18186928091158036
2010-11-05 16:00:00,0.18590055205524347
2010-11-08 16:00:00,0.19446700323552651
2010-11-09 16:00:00,0.18459038893355312
2010-11-10 16:00:00,0.17481455641017063
2010-11-11 16:00:00,0.14609174951157314
2010-11-12 16:00:00,0.07604841339043258
2010-11-15 16:00:00,0.03654195618253726
2010-11-16 16:00:00,-0.022717729629305457
2010-11-17 16:00:00,-0.02352398385803785
2010-11-18 16:00:00,0.04208495400507368
2010-11-19 16:00:00,0.013160583549293243
2010-11-22 16:00:00,0.015176219121125087
2010-11-23 16:00:00,-0.02624509188001004
2010-11-24 16:00:00,0.03402241171774802
2010-11-26 16:00:00,0.008927748848447744
2010-11-29 16:00:00,-0.030780271916630544
2010-11-30 16:00:00,-0.16401378321468546
2010-12-01 16:00:00,-0.12037527308453609
2010-12-02 16:00:00,-0.08268288789128908
2010-12-03 16:00:00,-0.07673676295438617
2010-12-06 16:00:00,-0.04972724629184553
2010-12-07 16:00:00,-0.0054840454901467365
2010-12-08 16:00:00,0.011749638649011409
2010-12-09 16:00:00,0.01658716402140692
2010-12-10 16:00:00,0.0201145262721115
2010-12-13 16:00:00,0.03230912148169175
2010-12-14 16:00:00,0.033720066381973585
2010-12-15 16:00:00,0.010540257305912532
2010-12-16 16:00:00,0.017594981807322267
2010-12-17 16:00:00,0.013059801770701764
2010-12-20 16:00:00,0.034526320610705985
2010-12-21 16:00:00,0.07493981382592518
2010-12-22 16:00:00,0.08713440903550544
2010-12-23 16:00:00,0.08078515698423662
2010-12-27 16:00:00,0.0714124515752206
2010-12-28 16:00:00,0.05397720387887893
2010-12-29 16:00:00,0.06445850885240234
2010-12-30 16:00:00,0.0536748585431045
2010-12-31 16:00:00,0.028983322788169556
2011-01-03 16:00:00,0.08138984765578605
2011-01-04 16:00:00,0.07010228845353025
2011-01-05 16:00:00,0.10517434740339597
2011-01-06 16:00:00,0.12754790225072463
2011-01-07 16:00:00,0.14236282370368503
2011-01-10 16:00:00,0.13107526450142978
2011-01-11 16:00:00,0.1401456245746708
2011-01-12 16:00:00,0.14447924105410836
2011-01-13 16:00:00,0.14357220504678392
2011-01-14 16:00:00,0.1813653720186224
2011-01-18 16:00:00,0.25926968686990565
2011-01-19 16:00:00,0.21956166610482739
2011-01-20 16:00:00,0.19446700323552651
2011-01-21 16:00:00,0.11908223284903308
2011-01-24 16:00:00,0.11535330704114496
2011-01-25 16:00:00,0.1597980714000267
2011-01-26 16:00:00,0.14266516903946003
2011-01-27 16:00:00,0.14407611393974187
2011-01-28 16:00:00,0.06445850885240234
2011-01-31 16:00:00,0.06123349193747219
2011-02-01 16:00:00,0.11515174348396143
2011-02-02 16:00:00,0.11998926885635694
2011-02-03 16:00:00,0.11061656344734093
2011-02-04 16:00:00,0.114849398148187
2011-02-07 16:00:00,0.13157917339438718
2011-02-08 16:00:00,0.15213865622706754
2011-02-09 16:00:00,0.14266516903946003
2011-02-10 16:00:00,0.14236282370368503
2011-02-11 16:00:00,0.18297788047608776
2011-02-14 16:00:00,0.20142094595834478
2011-02-15 16:00:00,0.18126459024003092
2011-02-16 16:00:00,0.18156693557580592
2011-02-17 16:00:00,0.18680758806256734
2011-02-18 16:00:00,0.21119677848172727
2011-02-22 16:00:00,0.11091890878311593
2011-02-23 16:00:00,0.11656268838424384
2011-02-24 16:00:00,0.10386418428170563
2011-02-25 16:00:00,0.11011265455438296
2011-02-28 16:00:00,0.12704399335776667
2011-03-01 16:00:00,0.06324912750930346
2011-03-02 16:00:00,0.06345069106648642
2011-03-03 16:00:00,0.10759311008959373
2011-03-04 16:00:00,0.06254365505916255
2011-03-07 16:00:00,0.017393418250139313
2011-03-08 16:00:00,0.020618435165069463
2011-03-09 16:00:00,0.017897327143097275
2011-03-10 16:00:00,-0.0399514137684636
2011-03-11 16:00:00,-0.05809213391494619
2011-03-14 16:00:00,-0.09195481152171361
2011-03-15 16:00:00,-0.09417201065072785
2011-03-16 16:00:00,-0.1569590587132757
2011-03-17 16:00:00,-0.1354925398732715
2011-03-18 16:00:00,-0.13700426655214482
2011-03-21 16:00:00,-0.05909995170086154
2011-03-22 16:00:00,-0.05496789877860752
2011-03-23 16:00:00,-0.030578708359447586
2011-03-24 16:00:00,-0.006693426833245615
2011-03-25 16:00:00,-0.04277330356902727
2011-03-28 16:00:00,-0.06484451308058092
2011-03-29 16:00:00,-0.032695125709870335
2011-03-30 16:00:00,-0.03219121681691295
2011-03-31 16:00:00,-0.007398899283386531
2011-04-01 16:00:00,0.01809889070028023
2011-04-04 16:00:00,-0.0027629374681745486
2011-04-05 16:00:00,-0.09648999155833413
2011-04-06 16:00:00,-0.07079063801748384
2011-04-07 16:00:00,-0.04146314044733691
2011-04-08 16:00:00,-0.050735064077761446
2011-04-11 16:00:00,-0.05476633522142399
2011-04-12 16:00:00,-0.08883057638537495
2011-04-13 16:00:00,-0.06020855126536894
2011-04-14 16:00:00,-0.04902177384170461
2011-04-15 16:00:00,-0.29009178823273857
2011-04-18 16:00:00,-0.309643453279503
2011-04-19 16:00:00,-0.3363506246062692
2011-04-20 16:00:00,-0.3151864511020394
2011-04-21 16:00:00,-0.31841146801696957
2011-04-25 16:00:00,-0.3186130315741525
2011-04-26 16:00:00,-0.2794089197020322
2011-04-27 16:00:00,-0.2545158203899149
2011-04-28 16:00:00,-0.25350800260399897
2011-04-29 16:00:00,-0.22256799657638723
2011-05-02 16:00:00,-0.25048454924625174
2011-05-03 16:00:00,-0.2740674854366793
2011-05-04 16:00:00,-0.26449321647047974
2011-05-05 16:00:00,-0.2721526316434395
2011-05-06 16:00:00,-0.2669119791566775
2011-05-09 16:00:00,-0.2549189475042808
2011-05-10 16:00:00,-0.22982428463497992
2011-05-11 16:00:00,-0.2662065067065366
2011-05-12 16:00:00,-0.2682221422783679
2011-05-13 16:00:00,-0.29593713139104943
2011-05-16 16:00:00,-0.35207258206655345
2011-05-17 16:00:00,-0.29130116957583746
2011-05-18 16:00:00,-0.2946269682693591
2011-05-19 16:00:00,-0.2873706802107664
2011-05-20 16:00:00,-0.32375290228232306
2011-05-23 16:00:00,-0.352274145623737
2011-05-24 16:00:00,-0.35287883629528644
2011-05-25 16:00:00,-0.3458241117938767
2011-05-26 16:00:00,-0.35358430874542734
2011-05-27 16:00:00,-0.33957564152119935
2011-05-31 16:00:00,-0.29865823941302216
2011-06-01 16:00:00,-0.3158919235521803
2011-06-02 16:00:00,-0.3034957647854171
2011-06-03 16:00:00,-0.32859042765471796
2011-06-06 16:00:00,-0.33876938729246636
2011-06-07 16:00:00,-0.34904912870880683
2011-06-08 16:00:00,-0.3483436562586659
2011-06-09 16:00:00,-0.3606390332468371
2011-06-10 16:00:00,-0.3970212553183937
2011-06-13 16:00:00,-0.42110810040177865
2011-06-14 16:00:00,-0.4027658166981131
2011-06-15 16:00:00,-0.4300776786964285
2011-06-16 16:00:00,-0.44307852813474086
2011-06-17 16:00:00,-0.5205797158716576
2011-06-20 16:00:00,-0.5227969150006722
2011-06-21 16:00:00,-0.4802670044350299
2011-06-22 16:00:00,-0.5105015380125006
2011-06-23 16:00:00,-0.5447673427336344
2011-06-24 16:00:00,-0.5716760776175832
2011-06-27 16:00:00,-0.5321696204096882
2011-06-28 16:00:00,-0.47704198752009974
2011-06-29 16:00:00,-0.45728875891615206
2011-06-30 16:00:00,-0.41284399455727006
2011-07-01 16:00:00,-0.33887016907105844
2011-07-05 16:00:00,-0.281323773495272
2011-07-06 16:00:00,-0.2666096338209031
2011-07-07 16:00:00,-0.20997027425244108
2011-07-08 16:00:00,-0.28364175440287825
2011-07-11 16:00:00,-0.30742625415048874
2011-07-12 16:00:00,-0.27346279476512986
2011-07-13 16:00:00,-0.25199627592512563
2011-07-14 16:00:00,-0.2990613665273881
2011-07-15 16:00:00,0.04742638827042715
2011-07-18 16:00:00,0.033921629939156546
2011-07-19 16:00:00,0.07231948758254447
2011-07-20 16:00:00,0.035937265510988387
2011-07-21 16:00:00,0.09469304242987314
2011-07-22 16:00:00,0.15133240199833514
2011-07-25 16:00:00,0.15516210958481472
2011-07-26 16:00:00,0.17300048439552232
2011-07-27 16:00:00,0.09580164199438053
2011-07-28 16:00:00,0.11464783459100347
2011-07-29 16:00:00,0.07806404896226385
2011-08-01 16:00:00,0.09358444286536574
2011-08-02 16:00:00,0.029890358795494
2011-08-03 16:00:00,0.06536554485972622
2011-08-04 16:00:00,-0.053960080992691596
2011-08-05 16:00:00,-0.046300665819732426
2011-08-08 16:00:00,-0.2128929458315968
2011-08-09 16:00:00,-0.0747211273825549
2011-08-10 16:00:00,-0.1977756790428614
2011-08-11 16:00:00,-0.13156205050819986
2011-08-12 16:00:00,-0.12329794466369123
2011-08-15 16:00:00,-0.15635436804172628
2011-08-16 16:00:00,-0.24826735011723752
2011-08-17 16:00:00,-0.2777964112445674
2011-08-18 16:00:00,-0.42040262795163774
2011-08-19 16:00:00,-0.490748309408553
2011-08-22 16:00:00,-0.4542653055584049
2011-08-23 16:00:00,-0.3500569464947222
2011-08-24 16:00:00,-0.3274818280902106
2011-08-25 16:00:00,-0.3439092580006369
2011-08-26 16:00:00,-0.3095426715009115
2011-08-29 16:00:00,-0.24786422300287106
2011-08-30 16:00:00,-0.2397008989369539
2011-08-31 16:00:00,-0.23839073581526354
2011-09-01 16:00:00,-0.28102142815949754
2011-09-02 16:00:00,-0.3197216311386599
2011-09-06 16:00:00,-0.3331256076913385
2011-09-07 16:00:00,-0.2733620129865384
2011-09-08 16:00:00,-0.26862526939273434
2011-09-09 16:00:00,-0.31962084936006846
2011-09-12 16:00:00,-0.2930144598118943
2011-09-13 16:00:00,-0.29613869494823297
2011-09-14 16:00:00,-0.2832386272885118
2011-09-15 16:00:00,-0.2303281935279379
2011-09-16 16:00:00,-0.2095671471380746
2011-09-19 16:00:00,-0.2095671471380746
2011-09-20 16:00:00,-0.20976871069525813
2011-09-21 16:00:00,-0.2472595323313216
2011-09-22 16:00:00,-0.34078502286429824
2011-09-23 16:00:00,-0.31629505066654684
2011-09-26 16:00:00,-0.28414566329583624
2011-09-27 16:00:00,-0.2465540598811807
2011-09-28 16:00:00,-0.29956527542034606
2011-09-29 16:00:00,-0.30631765458598137
2011-09-30 16:00:00,-0.36910470264852924
2011-10-03 16:00:00,-0.46756850033249225
2011-10-04 16:00:00,-0.43541911296178165
2011-10-05 16:00:00,-0.4213096639589619
2011-10-06 16:00:00,-0.3708179928845855
2011-10-07 16:00:00,-0.3687015755341627
2011-10-10 16:00:00,-0.2575392737476615
2011-10-11 16:00:00,-0.2272039583915992
2011-10-12 16:00:00,-0.2003960052862421
2011-10-13 16:00:00,-0.1474855715256682
2011-10-14 16:00:00,0.01749420002873079
2011-10-17 16:00:00,-0.02926854523775723
2011-10-18 16:00:00,0.011548075091828454
2011-10-19 16:00:00,-0.03793577819663233
2011-10-20 16:00:00,-0.022919293186488412
2011-10-21 16:00:00,0.011447293313236977
2011-10-24 16:00:00,0.04137948155493276
2011-10-25 16:00:00,-0.025539619429869122
2011-10-26 16:00:00,-0.00961609841240133
2011-10-27 16:00:00,0.052667040757188574
2011-10-28 16:00:00,0.06012489237296479
2011-10-31 16:00:00,0.022331725401126302
2011-11-01 16:00:00,-0.0483163013915637
2011-11-02 16:00:00,-0.01717473180676903
2011-11-03 16:00:00,0.046821697598877714
2011-11-04 16:00:00,0.03996853665465093
2011-11-07 16:00:00,0.10144542159550844
2011-11-08 16:00:00,0.12170255909241379
2011-11-09 16:00:00,0.06425694529521882
2011-11-10 16:00:00,0.03462710238929746
2011-11-11 16:00:00,0.10154620337409992
2011-11-14 16:00:00,0.1250283577859354
2011-11-15 16:00:00,0.14296751437523447
2011-11-16 16:00:00,0.11726816083438475
2011-11-17 16:00:00,0.06385381818085291
2011-11-18 16:00:00,0.03361928460338211
2011-11-21 16:00:00,-0.036726396853533454
2011-11-22 16:00:00,-0.04146314044733691
2011-11-23 16:00:00,-0.09135012085016418
2011-11-25 16:00:00,-0.12722843402876288
2011-11-28 16:00:00,-0.0001426112247938383
2011-11-29 16:00:00,-0.02664821899437652
2011-11-30 16:00:00,0.05629518478648521
2011-12-01 16:00:00,0.12885806537241498
2011-12-02 16:00:00,0.16211605230763299
2011-12-05 16:00:00,0.18882322363439863
2011-12-06 16:00:00,0.17934973644679114
2011-12-07 16:00:00,0.17743488265355134
2011-12-08 16:00:00,0.14034718813185376
2011-12-09 16:00:00,0.19769202015045667
2011-12-12 16:00:00,0.18751306051270827
2011-12-13 16:00:00,0.18872244185580714
2011-12-14 16:00:00,0.15052614776960216
2011-12-15 16:00:00,0.15798399938537838
2011-12-16 16:00:00,0.1903349503132725
2011-12-19 16:00:00,0.1695739039234092
2011-12-20 16:00:00,0.21260772338200912
2011-12-21 16:00:00,0.18962947786313158
2011-12-22 16:00:00,0.209181142909896
2011-12-23 16:00:00,0.22661639060623712
2011-12-27 16:00:00,0.2624947037848358
2011-12-28 16:00:00,0.25967281398427217
2011-12-29 16:00:00,0.27327835409413365
2011-12-30 16:00:00,0.29091516534765827
2012-01-03 16:00:00,0.3893789630316219
2012-01-04 16:00:00,0.40379075737021636
2012-01-05 16:00:00,0.35702801210372775
2012-01-06 16:00:00,0.31177699351611304
2012-01-09 16:00:00,0.17269813905974787
2012-01-10 16:00:00,0.17612471953186098
2012-01-11 16:00:00,0.1903349503132725
2012-01-12 16:00:00,0.208878797574121
2012-01-13 16:00:00,0.18549742494087698
2012-01-17 16:00:00,0.2035373633087681
2012-01-18 16:00:00,0.22540700926313822
2012-01-19 16:00:00,0.2589673415341312
2012-01-20 16:00:00,-0.011228606869866119
2012-01-23 16:00:00,-0.013647369556063873
2012-01-24 16:00:00,-0.036726396853533454
2012-01-25 16:00:00,-0.09447435598650285
2012-01-26 16:00:00,-0.10152908048791259
2012-01-27 16:00:00,-0.041563922225928966
2012-01-30 16:00:00,-0.0531538267639592
2012-01-31 16:00:00,-0.040858449775787474
2012-02-01 16:00:00,-0.037230305746491416
2012-02-02 16:00:00,-0.015663005127895147
2012-02-03 16:00:00,0.0408755726619748
2012-02-06 16:00:00,0.10527512918198803
2012-02-07 16:00:00,0.09358444286536574
2012-02-08 16:00:00,0.10910483676846762
2012-02-09 16:00:00,0.11726816083438475
2012-02-10 16:00:00,0.08925082638592818
2012-02-13 16:00:00,0.12099708664227286
2012-02-14 16:00:00,0.10860092787550965
2012-02-15 16:00:00,0.08743675437127987
2012-02-16 16:00:00,0.09227427974367539
2012-02-17 16:00:00,0.08280079255606788
2012-02-21 16:00:00,0.13006744671551387
2012-02-22 16:00:00,0.0994297860236766
2012-02-23 16:00:00,0.09025864417184411
2012-02-24 16:00:00,0.10930640032565057
2012-02-27 16:00:00,0.10638372874649485
2012-02-28 16:00:00,0.15213865622706754
2012-02-29 16:00:00,0.1514331837769266
2012-03-01 16:00:00,0.17239579372397287
2012-03-02 16:00:00,0.1666512323442535
2012-03-05 16:00:00,0.13127682805861274
2012-03-06 16:00:00,0.08441330101353267
2012-03-07 16:00:00,0.09368522464395722
2012-03-08 16:00:00,0.09539851488001405
2012-03-09 16:00:00,0.06072958304451423
2012-03-12 16:00:00,0.0854211187994486
2012-03-13 16:00:00,0.14911520286932034
2012-03-14 16:00:00,0.14004484279607932
2012-03-15 16:00:00,0.16604654167270405
2012-03-16 16:00:00,0.18569898849805994
2012-03-19 16:00:00,0.23084922530708318
2012-03-20 16:00:00,0.22832968084229396
2012-03-21 16:00:00,0.261083758884554
2012-03-22 16:00:00,0.29172141957639125
2012-03-23 16:00:00,0.27428617188004956
2012-03-26 16:00:00,0.3082496312654085
2012-03-27 16:00:00,0.2965589449487862
2012-03-28 16:00:00,0.3407013639718935
2012-03-29 16:00:00,0.3036136694501959
2012-03-30 16:00:00,0.2674330109358228
2012-04-02 16:00:00,0.2960550360558282
2012-04-03 16:00:00,0.2743869536586411
2012-04-04 16:00:00,0.23669456846539405
2012-04-05 16:00:00,0.2224843376839831
2012-04-09 16:00:00,0.21502648606820687
2012-04-10 16:00:00,0.194870130349893
2012-04-11 16:00:00,0.24082662138764863
2012-04-12 16:00:00,0.3167153006671001
2012-04-13 16:00:00,0.18348178936904572
2012-04-16 16:00:00,0.09005708061466058
2012-04-17 16:00:00,0.1076938918681852
2012-04-18 16:00:00,0.09701102333747884
2012-04-19 16:00:00,0.055892057672118724
2012-04-20 16:00:00,0.039565409540284445
2012-04-23 16:00:00,0.047325606491835676
2012-04-24 16:00:00,0.06586945375268417
2012-04-25 16:00:00,0.1083993643183267
2012-04-26 16:00:00,0.1374245165526986
2012-04-27 16:00:00,0.13500575386650085
2012-04-30 16:00:00,0.08390939212057529
2012-05-01 16:00:00,0.08179297477015196
2012-05-02 16:00:00,0.0960032055515635
2012-05-03 16:00:00,0.11505096170536995
2012-05-04 16:00:00,0.04410058957690495
2012-05-07 16:00:00,0.09751493223043681
2012-05-08 16:00:00,0.123919758221428
2012-05-09 16:00:00,0.10557747451776246
2012-05-10 16:00:00,0.12835415647945703
2012-05-11 16:00:00,0.08582424591381509
2012-05-14 16:00:00,0.07957577564113774
2012-05-15 16:00:00,0.11545408881973644
2012-05-16 16:00:00,0.20535143532341585
2012-05-17 16:00:00,0.1757215924174945
2012-05-18 16:00:00,0.061435055494655146
2012-05-21 16:00:00,0.13057135560847183
2012-05-22 16:00:00,0.06345069106648642
2012-05-23 16:00:00,0.10708920119663577
2012-05-24 16:00:00,0.0778624854050809
2012-05-25 16:00:00,0.016687945799998397
2012-05-29 16:00:00,0.030898176581409923
2012-05-30 16:00:00,5.895233238968986e-05
2012-05-31 16:00:00,-0.03712952396789936
2012-06-01 16:00:00,-0.08691572259213515
2012-06-04 16:00:00,-0.0486186467273387
2012-06-05 16:00:00,-0.0898383941712903
2012-06-06 16:00:00,-0.03854046886818177
2012-06-07 16:00:00,-0.050432718741987015
2012-06-08 16:00:00,-0.03914515953973121
2012-06-11 16:00:00,-0.09951344491608131
2012-06-12 16:00:00,-0.11664634727664798
2012-06-13 16:00:00,-0.13680270299496186
2012-06-14 16:00:00,-0.1471832261898932
2012-06-15 16:00:00,-0.11956901885580312
2012-06-18 16:00:00,-0.08762119504227607
2012-06-19 16:00:00,-0.03370294349578626
2012-06-20 16:00:00,-0.05406086277128307
2012-06-21 16:00:00,-0.11604165660509855
2012-06-22 16:00:00,-0.08439617812734591
2012-06-25 16:00:00,-0.13881833856679313
2012-06-26 16:00:00,-0.11876276462707074
2012-06-27 16:00:00,-0.09538139199382673
2012-06-28 16:00:00,-0.12057683664171905
2012-06-29 16:00:00,-0.041060013332971004
2012-07-02 16:00:00,-0.03904437776113973
2012-07-03 16:00:00,-0.0019566832394421548
2012-07-05 16:00:00,0.03885993709014353
2012-07-06 16:00:00,-0.01132938864845817
2012-07-09 16:00:00,-0.011127825091274642
2012-07-10 16:00:00,-0.032896689267053865
2012-07-11 16:00:00,-0.08590790480621924
2012-07-12 16:00:00,-0.08943526705692438
2012-07-13 16:00:00,-0.05899916992227006
2012-07-16 16:00:00,-0.06706171220959573
2012-07-17 16:00:00,-0.057991352136354715
2012-07-18 16:00:00,-0.037633432860857324
2012-07-19 16:00:00,0.02444814275154905
2012-07-20 16:00:00,0.11404314391945461
2012-07-23 16:00:00,0.13762608010988156
2012-07-24 16:00:00,0.09761571400902828
2012-07-25 16:00:00,0.0997321313594516
2012-07-26 16:00:00,0.12684242980058372
2012-07-27 16:00:00,0.23578753245807016
2012-07-30 16:00:00,0.2223835559053916
2012-07-31 16:00:00,0.22570935459891325
2012-08-01 16:00:00,0.2242984096986314
2012-08-02 16:00:00,0.20444439931609198
2012-08-03 16:00:00,0.26793691982878076
2012-08-06 16:00:00,0.275394771444557
2012-08-07 16:00:00,0.2639056486851176
2012-08-08 16:00:00,0.2724720998654013
2012-08-09 16:00:00,0.2730767905369507
2012-08-10 16:00:00,0.2712627185223024
2012-08-13 16:00:00,0.3621678828118977
2012-08-14 16:00:00,0.40570561116345616
2012-08-15 16:00:00,0.4000618315623283
2012-08-16 16:00:00,0.42697056644627684
2012-08-17 16:00:00,0.44853786706487314
2012-08-20 16:00:00,0.4404753247775475
2012-08-21 16:00:00,0.41003922764289313
2012-08-22 16:00:00,0.44873943062205607
2012-08-23 16:00:00,0.44682457682881627
2012-08-24 16:00:00,0.45599571868064875
2012-08-27 16:00:00,0.40852750096401985
2012-08-28 16:00:00,0.4490417759578305
2012-08-29 16:00:00,0.5033631546186869
2012-08-30 16:00:00,0.4714153308051592
2012-08-31 16:00:00,0.48864901494431734
2012-09-04 16:00:00,0.468190313890229
2012-09-05 16:00:00,0.46657780543276367
2012-09-06 16:00:00,0.5608087684158812
2012-09-07 16:00:00,0.5948730095798316
2012-09-10 16:00:00,0.5677627111386995
2012-09-11 16:00:00,0.5244265463443245
2012-09-12 16:00:00,0.5177749489572807
2012-09-13 16:00:00,0.5942683189082821
2012-09-14 16:00:00,0.6126106026119477
2012-09-17 16:00:00,0.614122329290821
2012-09-18 16:00:00,0.656047549184914
2012-09-19 16:00:00,0.7025079491156276
2012-09-20 16:00:00,0.7056321842519664
2012-09-21 16:00:00,0.7352620271578877
2012-09-24 16:00:00,0.8128639966733959
2012-09-25 16:00:00,0.8117553971088886
2012-09-26 16:00:00,0.8335242612846678
2012-09-27 16:00:00,0.8488430916305861
2012-09-28 16:00:00,0.8387649137714293
2012-10-01 16:00:00,0.8754494811787603
2012-10-02 16:00:00,0.8512618543167839
2012-10-03 16:00:00,0.8790776252080569
2012-10-04 16:00:00,0.9070949596565135
2012-10-05 16:00:00,0.9050793240846816
2012-10-08 16:00:00,0.8555954707962214
2012-10-09 16:00:00,0.7862576071252217
2012-10-10 16:00:00,0.7885755880328275
2012-10-11 16:00:00,0.8235468652041024
2012-10-12 16:00:00,0.7895834058187434
2012-10-15 16:00:00,0.7705356496649369
2012-10-16 16:00:00,0.789281060482969
2012-10-17 16:00:00,0.8437032209224162
2012-10-18 16:00:00,0.5386367771257361
2012-10-19 16:00:00,0.47202002147670863
2012-10-22 16:00:00,0.4561972822378323
2012-10-23 16:00:00,0.46476373341811533
2012-10-24 16:00:00,0.4493441212936055
2012-10-25 16:00:00,0.4516621022012118
2012-10-26 16:00:00,0.4384596892057162
2012-10-31 16:00:00,0.46446138808234094
2012-11-01 16:00:00,0.5012467372682635
2012-11-02 16:00:00,0.5028592457257288
2012-11-05 16:00:00,0.4778653646350195
2012-11-06 16:00:00,0.4716168943623421
2012-11-07 16:00:00,0.39794541421190494
2012-11-08 16:00:00,0.32316533449696094
2012-11-09 16:00:00,0.37738593137922516
2012-11-12 16:00:00,0.39179772571781907
2012-11-13 16:00:00,0.3573303574395028
2012-11-14 16:00:00,0.3244754976186513
2012-11-15 16:00:00,0.29776832629188504
2012-11-16 16:00:00,0.29736519917751913
2012-11-19 16:00:00,0.40348841203444136
2012-11-20 16:00:00,0.4123572085504994
2012-11-21 16:00:00,0.3916969439392276
2012-11-23 16:00:00,0.40227903069134247
2012-11-26 16:00:00,0.36791244419161767
2012-11-27 16:00:00,0.41608613435838754
2012-11-28 16:00:00,0.4814935086643161
2012-11-29 16:00:00,0.5229148196654513
2012-11-30 16:00:00,0.5555681159291193
2012-12-03 16:00:00,0.539846158468835
2012-12-04 16:00:00,0.5185812031860136
2012-12-05 16:00:00,0.5023553368327709
2012-12-06 16:00:00,0.5190851120789717
2012-12-07 16:00:00,0.4842146166862883
2012-12-10 16:00:00,0.4902615234017827
2012-12-11 16:00:00,0.5481102643133435
2012-12-12 16:00:00,0.5515368447854566
2012-12-13 16:00:00,0.5774377618834899
2012-12-14 16:00:00,0.5737088360756017
2012-12-17 16:00:00,0.6686452715088602
2012-12-18 16:00:00,0.6701569981877336
2012-12-19 16:00:00,0.6653194728153387
2012-12-20 16:00:00,0.6766070320175944
2012-12-21 16:00:00,0.6426435726322355
2012-12-24 16:00:00,0.6117035666046238
2012-12-26 16:00:00,0.6085793314682851
2012-12-27 16:00:00,0.5955784820299725
2012-12-28 16:00:00,0.5639330035522199
2012-12-31 16:00:00,0.6010206980739174
2013-01-02 16:00:00,0.681142212054215
2013-01-03 16:00:00,0.6832586294046377
2013-01-04 16:00:00,0.75531760109761
2013-01-07 16:00:00,0.7390917347443673
2013-01-08 16:00:00,0.731835446685774
2013-01-09 16:00:00,0.7561238553263425
2013-01-10 16:00:00,0.7730551941297262
2013-01-11 16:00:00,0.7654965607353585
2013-01-14 16:00:00,0.681142212054215
2013-01-15 16:00:00,0.6896078814559065
2013-01-16 16:00:00,0.6404263735032207
2013-01-17 16:00:00,0.6209754902350478
2013-01-18 16:00:00,0.5866089037353229
2013-01-22 16:00:00,0.5783447978908144
2013-01-23 16:00:00,0.7731559759083176
2013-01-24 16:00:00,0.8353383332993161
2013-01-25 16:00:00,0.8345320790705831
2013-01-28 16:00:00,0.8197171576176228
2013-01-29 16:00:00,0.8346328608491752
2013-01-30 16:00:00,0.8353383332993161
2013-01-31 16:00:00,0.8447110387083321
2013-02-01 16:00:00,0.9452912537427179
2013-02-04 16:00:00,0.8615415957331237
2013-02-05 16:00:00,0.8954042733398913
2013-02-06 16:00:00,0.9177778281872199
2013-02-07 16:00:00,0.9368255843410264
2013-02-08 16:00:00,0.9944727616954037
2013-02-11 16:00:00,0.9795570584638518
2013-02-12 16:00:00,0.9708898255049767
2013-02-13 16:00:00,0.9817742575928661
2013-02-14 16:00:00,1.0067681386835754
2013-02-15 16:00:00,1.0323667104458336
2013-02-19 16:00:00,1.1028131736813407
2013-02-20 16:00:00,1.030250293095411
2013-02-21 16:00:00,1.0456699052199212
2013-02-22 16:00:00,1.066733296945559
2013-02-25 16:00:00,1.0216838419151273
2013-02-26 16:00:00,1.0184588250001971
2013-02-27 16:00:00,1.0671364240599255
2013-02-28 16:00:00,1.0742919303399268
2013-03-01 16:00:00,1.0994873749878191
2013-03-04 16:00:00,1.1766862173889614
2013-03-05 16:00:00,1.2629554198633448
2013-03-06 16:00:00,1.2265731977917882
2013-03-07 16:00:00,1.232620104507282
2013-03-08 16:00:00,1.227278670241929
2013-03-11 16:00:00,1.2439076637095376
2013-03-12 16:00:00,1.2075254416379817
2013-03-13 16:00:00,1.195935537099951
2013-03-14 16:00:00,1.1768877809461444
2013-03-15 16:00:00,1.1404047770959962
2013-03-18 16:00:00,1.1075499172751446
2013-03-19 16:00:00,1.1253882920858522
2013-03-20 16:00:00,1.1424204126678275
2013-03-21 16:00:00,1.1250859467500778
2013-03-22 16:00:00,1.1202484213776824
2013-03-25 16:00:00,1.1168218409055692
2013-03-26 16:00:00,1.1309312899083888
2013-03-27 16:00:00,1.0816490001771115
2013-03-28 16:00:00,1.038917526054286
2013-04-01 16:00:00,1.0742919303399268
2013-04-02 16:00:00,1.1340555250447275
2013-04-03 16:00:00,1.0994873749878191
2013-04-04 16:00:00,1.043351924312315
2013-04-05 16:00:00,0.9827820753787819
2013-04-08 16:00:00,0.9413607643776468
2013-04-09 16:00:00,0.9554702133804663
2013-04-10 16:00:00,1.018761170335972
2013-04-11 16:00:00,1.0197689881218874
2013-04-12 16:00:00,1.0180556978858313
2013-04-15 16:00:00,0.9771382957776541
2013-04-16 16:00:00,1.0347854731320314
2013-04-17 16:00:00,0.9802625309139927
2013-04-18 16:00:00,0.896311309347215
2013-04-19 16:00:00,1.0675395511742913
2013-04-22 16:00:00,1.0688497142959819
2013-04-23 16:00:00,1.1080538261681028
2013-04-24 16:00:00,1.1360711606165588
2013-04-25 16:00:00,1.1141007328835966
2013-04-26 16:00:00,1.075400529904434
2013-04-29 16:00:00,1.1643908404007897
2013-04-30 16:00:00,1.1922066112920626
2013-05-01 16:00:00,1.171344783123608
2013-05-02 16:00:00,1.2176036194971385
2013-05-03 16:00:00,1.2988337330419428
2013-05-06 16:00:00,1.3787536834650573
2013-05-07 16:00:00,1.3568840375106872
2013-05-08 16:00:00,1.4396258777343656
2013-05-09 16:00:00,1.4288422274250676
2013-05-10 16:00:00,1.4729846464481748
2013-05-13 16:00:00,1.4592783245597214
2013-05-14 16:00:00,1.5075527965050832
2013-05-15 16:00:00,1.6527793394555343
2013-05-16 16:00:00,1.5922094905220012
2013-05-17 16:00:00,1.6189166618487676
2013-05-20 16:00:00,1.6156916449338374
2013-05-21 16:00:00,1.6078306662036947
2013-05-22 16:00:00,1.519243482821705
2013-05-23 16:00:00,1.4858847141078955
2013-05-24 16:00:00,1.4381141510554922
2013-05-28 16:00:00,1.4782252989349363
2013-05-29 16:00:00,1.4128179246290078
2013-05-30 16:00:00,1.425214083395771
2013-05-31 16:00:00,1.427431282524786
2013-06-03 16:00:00,1.4093913441568946
2013-06-04 16:00:00,1.3663575246982949
2013-06-05 16:00:00,1.3693809780560413
2013-06-06 16:00:00,1.3942740773681592
2013-06-07 16:00:00,1.4703643202047942
2013-06-10 16:00:00,1.5233755357439596
2013-06-11 16:00:00,1.47076744731916
2013-06-12 16:00:00,1.4313617718898568
2013-06-13 16:00:00,1.4566579983163406
2013-06-14 16:00:00,1.4467813840143666
2013-06-17 16:00:00,1.5033199618042372
2013-06-18 16:00:00,1.5757820606115756
2013-06-19 16:00:00,1.5760844059473504
2013-06-20 16:00:00,1.495660546631278
2013-06-21 16:00:00,1.47651200869888
2013-06-24 16:00:00,1.420275776244784
2013-06-25 16:00:00,1.4021350560983015
2013-06-26 16:00:00,1.439726659512957
2013-06-27 16:00:00,1.4569603436521157
2013-06-28 16:00:00,1.4735893371197244
2013-07-01 16:00:00,1.5114832858701543
2013-07-02 16:00:00,1.4834659514216983
2013-07-03 16:00:00,1.5042269978115617
2013-07-05 16:00:00,1.5398029656543855
2013-07-08 16:00:00,1.598357179016087
2013-07-09 16:00:00,1.599062651466228
2013-07-10 16:00:00,1.6028923590527075
2013-07-11 16:00:00,1.6747497671884966
2013-07-12 16:00:00,1.688657652634133
2013-07-15 16:00:00,1.6972241038144167
2013-07-16 16:00:00,1.6715247502735664
2013-07-17 16:00:00,1.6661833160082136
2013-07-18 16:00:00,1.6265760770217266
2013-07-19 16:00:00,1.5555249231146702
2013-07-22 16:00:00,1.6266768588003182
2013-07-23 16:00:00,1.5918063634076354
2013-07-24 16:00:00,1.5872711833710142
2013-07-25 16:00:00,1.5105762498628306
2013-07-26 16:00:00,1.4987847817676168
2013-07-29 16:00:00,1.4832643878645149
2013-07-30 16:00:00,1.5269028979946648
2013-07-31 16:00:00,1.510878595198605
2013-08-01 16:00:00,1.593922780758058
2013-08-02 16:00:00,1.6058150306318633
2013-08-05 16:00:00,1.5978532701231292
2013-08-06 16:00:00,1.5553233595574871
2013-08-07 16:00:00,1.5254919530943825
2013-08-08 16:00:00,1.5356709127321309
2013-08-09 16:00:00,1.5242825717512836
2013-08-12 16:00:00,1.4995910359963491
2013-08-13 16:00:00,1.4781245171563449
2013-08-14 16:00:00,1.4203765580233756
2013-08-15 16:00:00,1.3691794144988585
2013-08-16 16:00:00,1.355271529053222
2013-08-19 16:00:00,1.3994139480763292
2013-08-20 16:00:00,1.3982045667332303
2013-08-21 16:00:00,1.4179577953371783
2013-08-22 16:00:00,1.4400290048487319
2013-08-23 16:00:00,1.4223921935952073
2013-08-26 16:00:00,1.4031428738842173
2013-08-27 16:00:00,1.3212072878892716
2013-08-28 16:00:00,1.3131447456019458
2013-08-29 16:00:00,1.3478136774374456
2013-08-30 16:00:00,1.3047798579788459
2013-09-03 16:00:00,1.3728075585281552
2013-09-04 16:00:00,1.4295476998752086
2013-09-05 16:00:00,1.4695580659760619
2013-09-06 16:00:00,1.4696588477546533
2013-09-09 16:00:00,1.5123903218774788
2013-09-10 16:00:00,1.5155145570138169
2013-09-11 16:00:00,1.5534085057642475
2013-09-12 16:00:00,1.5376865483039626
2013-09-13 16:00:00,1.5175301925856488
2013-09-16 16:00:00,1.510878595198605
2013-09-17 16:00:00,1.5026144893540962
2013-09-18 16:00:00,1.5893876007214376
2013-09-19 16:00:00,1.5644945014093197
2013-09-20 16:00:00,1.5883797829355217
2013-09-23 16:00:00,1.504529343147336
2013-09-24 16:00:00,1.506242633383393
2013-09-25 16:00:00,1.457766597880848
2013-09-26 16:00:00,1.4625033414746516
2013-09-27 16:00:00,1.453533763180002
2013-09-30 16:00:00,1.4511150004938043
2013-10-01 16:00:00,1.5071496693907167
2013-10-02 16:00:00,1.512087976541704
2013-10-03 16:00:00,1.4520220365011287
2013-10-04 16:00:00,1.4331758439045053
2013-10-07 16:00:00,1.3998170751906958
2013-10-08 16:00:00,1.3389448809213877
2013-10-09 16:00:00,1.3500308765664606
2013-10-10 16:00:00,1.412414797514642
2013-10-11 16:00:00,1.4313617718898568
2013-10-14 16:00:00,1.4521228182797201
2013-10-15 16:00:00,1.4819542247428246
2013-10-16 16:00:00,1.5626804293946714
2013-10-17 16:00:00,1.5161192476853664
2013-10-18 16:00:00,2.134617022901827
2013-10-21 16:00:00,2.0936996207936502
2013-10-22 16:00:00,2.1123442498330904
2013-10-23 16:00:00,2.235499583271989
2013-10-24 16:00:00,2.205970522144658
2013-10-25 16:00:00,2.1537655608342257
2013-10-28 16:00:00,2.15275774304831
2013-10-29 16:00:00,2.259888773691148
2013-10-30 16:00:00,2.2305612761210014
2013-10-31 16:00:00,2.2313675303497336
2013-11-01 16:00:00,2.2134283737604346
2013-11-04 16:00:00,2.208792411945223
2013-11-05 16:00:00,2.185612602869161
2013-11-06 16:00:00,2.1918610731418386
2013-11-07 16:00:00,2.117181775205486
2013-11-08 16:00:00,2.1578976137564796
2013-11-11 16:00:00,2.130484969979573
2013-11-12 16:00:00,2.136531876695067
2013-11-13 16:00:00,2.2408410175373414
2013-11-14 16:00:00,2.254748902982978
2013-11-15 16:00:00,2.2463840153598773
2013-11-18 16:00:00,2.236205055722129
2013-11-19 16:00:00,2.204257231908602
2013-11-20 16:00:00,2.1896438740128246
2013-11-21 16:00:00,2.2489035598246665
2013-11-22 16:00:00,2.237918345958186
2013-11-25 16:00:00,2.308767936308059
2013-11-26 16:00:00,2.371655766149199
2013-11-27 16:00:00,2.3954402658968093
2013-11-29 16:00:00,2.3776018910861016
2013-12-02 16:00:00,2.351902537545251
2013-12-03 16:00:00,2.345754849051165
2013-12-04 16:00:00,2.370547166584691
2013-12-05 16:00:00,2.3663143318838458
2013-12-06 16:00:00,2.4295045070607597
2013-12-09 16:00:00,2.471228163397669
2013-12-10 16:00:00,2.5040830232185205
2013-12-11 16:00:00,2.466894546918231
2013-12-12 16:00:00,2.4299076341751253
2013-12-13 16:00:00,2.383648797801595
2013-12-16 16:00:00,2.4452264645210438
2013-12-17 16:00:00,2.429403725282168
2013-12-18 16:00:00,2.504586932111478
2013-12-19 16:00:00,2.5119440019486627
2013-12-20 16:00:00,2.5846076643131846
2013-12-23 16:00:00,2.6576744537920725
2013-12-24 16:00:00,2.641247023881647
2013-12-26 16:00:00,2.669566703665877
2013-12-27 16:00:00,2.674303447259681
2013-12-30 16:00:00,2.629153210450658
2013-12-31 16:00:00,2.685994133576303
2014-01-02 16:00:00,2.6476970577115067
2014-01-03 16:00:00,2.6066788738247375
2014-01-06 16:00:00,2.6688612312157365
2014-01-07 16:00:00,2.777503988537448
2014-01-08 16:00:00,2.7894970201898452
2014-01-09 16:00:00,2.734067041964482
2014-01-10 16:00:00,2.7337646966287066
2014-01-13 16:00:00,2.69738247455715
2014-01-14 16:00:00,2.830615985855205
2014-01-15 16:00:00,2.826685496490134
2014-01-16 16:00:00,2.8650833541335223
2014-01-17 16:00:00,2.836360547234925
2014-01-21 16:00:00,2.9027757393267684
2014-01-22 16:00:00,2.909427336713813
2014-01-23 16:00:00,2.884635019180286
2014-01-24 16:00:00,2.7017160910365883
2014-01-27 16:00:00,2.5877318994495226
2014-01-28 16:00:00,2.6975840381143343
2014-01-29 16:00:00,2.6163539245695286
2014-01-30 16:00:00,2.759967959062515
2014-01-31 16:00:00,2.9899519778084764
2014-02-03 16:00:00,2.750091344760541
2014-02-04 16:00:00,2.773976626286743
2014-02-05 16:00:00,2.7993736344918183
2014-02-06 16:00:00,2.883929546730145
2014-02-07 16:00:00,2.972113602997768
2014-02-10 16:00:00,2.9493369210360734
2014-02-11 16:00:00,3.03641237773919
2014-02-12 16:00:00,3.0187755664856657
2014-02-13 16:00:00,3.085392322134692
2014-02-14 16:00:00,3.10000568003047
2014-02-18 16:00:00,3.140822300360055
2014-02-19 16:00:00,3.0976876991228637
2014-02-20 16:00:00,3.106657277417513
2014-02-21 16:00:00,3.1050447689600484
2014-02-24 16:00:00,3.148985624425973
2014-02-25 16:00:00,3.186778791397811
2014-02-26 16:00:00,3.1876858274051356
2014-02-27 16:00:00,3.18284830203274
2014-02-28 16:00:00,3.1648083636648483
2014-03-03 16:00:00,3.0995017711375126
2014-03-04 16:00:00,3.1610794378569604
2014-03-05 16:00:00,3.1780107766603445
2014-03-06 16:00:00,3.184863937604571
2014-03-07 16:00:00,3.1604747471854115
2014-03-10 16:00:00,3.1442488808321687
2014-03-11 16:00:00,3.0858962310276503
2014-03-12 16:00:00,3.122681580213573
2014-03-13 16:00:00,3.0306678163594705
2014-03-14 16:00:00,2.9487322303645245
2014-03-17 16:00:00,3.0460874284839803
2014-03-18 16:00:00,3.1427371541532954
2014-03-19 16:00:00,3.082066523441171
2014-03-20 16:00:00,3.071585218467647
2014-03-21 16:00:00,3.000332501003408
2014-03-24 16:00:00,2.873649805313805
2014-03-25 16:00:00,2.8776810764574687
2014-03-26 16:00:00,2.742734274923356
2014-03-27 16:00:00,2.6535424008698185
2014-03-28 16:00:00,2.683172243775739
2014-03-31 16:00:00,2.6546510004343244
2014-04-01 16:00:00,2.7574484145977256
2014-04-02 16:00:00,2.7585570141622333
2014-04-03 16:00:00,2.7926212553261833
2014-04-04 16:00:00,2.528069086523314
2014-04-07 16:00:00,2.481507904814009
2014-04-08 16:00:00,2.6516275470765778
2014-04-09 16:00:00,2.747672582074343
2014-04-10 16:00:00,2.5425816626405005
2014-04-11 16:00:00,2.4525835343582285
2014-04-14 16:00:00,2.5275651776303567
2014-04-15 16:00:00,-2.9412286459298698
2014-04-16 16:00:00,-2.939684786961665
2014-04-17 16:00:00,-2.941773059355499
2014-04-21 16:00:00,-2.942176290941274
2014-04-22 16:00:00,-2.941553668870544
2014-04-23 16:00:00,-2.9423652105255407
2014-04-24 16:00:00,-2.942677029409251
2014-04-25 16:00:00,-2.943828829455266
2014-04-28 16:00:00,-2.9438410178155414
2014-04-29 16:00:00,-2.9424850627349146
2014-04-30 16:00:00,-2.942632338754908
2014-05-01 16:00:00,-2.942261609463201
2014-05-02 16:00:00,-2.942734924120558
2014-05-05 16:00:00,-2.9425866324038754
2014-05-06 16:00:00,-2.9438826613798152
2014-05-07 16:00:00,-2.944346834766966
2014-05-08 16:00:00,-2.9441264285853213
2014-05-09 16:00:00,-2.943471304220524
2014-05-12 16:00:00,-2.9422717664300966
2014-05-13 16:00:00,-2.9419558847596288
2014-05-14 16:00:00,-2.9426800764993195
2014-05-15 16:00:00,-2.9432173800481216
2014-05-16 16:00:00,-2.94330066717667
2014-05-19 16:00:00,-2.942231138562513
2014-05-20 16:00:00,-2.942072689878934
2014-05-21 16:00:00,-2.941127076260909
2014-05-22 16:00:00,-2.940543050664384
2014-05-23 16:00:00,-2.9396949439285613
2014-05-27 16:00:00,-2.9385705676931653
2014-05-28 16:00:00,-2.939019505629972
